return_date,return_reason_group,shippedat,shipped_fc,invoicenumber,CATE2,cate5,skuseq,name,RTO_Flag,QAID,QA_Worker,ARC_Center,pack_workerid,batchjobid,locationname,stationname,actual_boxcategory,actual_boxname,unit,reasondetail
2025-03-09,Missing,3/8/25 14:18:17,ECH2,10285380218890,패션잡화,목걸이,42838133,삼각 볼드 롱사이즈 네크리스 / 골드,N,,,,rw_136_robotagent5,892571488,2.5F Autobag Nunit,2.5F_Autobag_robottmp 05,ROBOT_PB,R.Arm2,1,상품누락
2025-03-09,Missing,3/8/25 15:34:32,ECH2,10285395088780,뷰티,클렌징오일/워터/크림,43779432,클린 잇 제로 포어 클래리파잉 클렌징밤 180ML,N,,,,rw_136_robotagent3,892638225,2.5F Autobag Nunit,2.5F_Autobag_robottmp 03,ROBOT_PB,R.Arm2,1,
2025-03-09,Missing,3/8/25 15:48:47,ECH2,10285394572773,완구/취미,그림 DIY,41918003,동아피엠에스 사각 레인보우 스크래치 페이퍼,N,,,,rw_136_robotagent3,892643897,2.5F Autobag Nunit,2.5F_Autobag_robottmp 03,ROBOT_PB,R.Arm2,1,
2025-03-09,Missing,3/8/25 15:59:08,ECH2,10285397384603,가구/홈인테리어,커튼부자재,40266895,감성다는남자 커튼봉 브라켓 25mm 15mm 겸용 화이트3개입,N,,,,rw_136_robotagent3,892635111,2.5F Autobag Nunit,2.5F_Autobag_robottmp 03,ROBOT_PB,R.Arm2,1,
2025-03-09,Missing,3/8/25 19:18:56,ECH2,10285402143575,뷰티,메이크업베이스,11357732,조성아TM 물분크림 7X,N,,,,rw_136_robotagent3,892685294,2.5F Autobag Nunit,2.5F_Autobag_robottmp 03,ROBOT_PB,R.Arm2,1,
2025-03-09,Missing,3/8/25 20:07:24,ECH2,10285407374244,뷰티,자외선차단제,23466521,닥터지 그린 마일드 업 선 플러스 35ml,N,,,,rw_136_robotagent3,892787468,2.5F Autobag Nunit,2.5F_Autobag_robottmp 03,ROBOT_PB,R.Arm2,1,
2025-03-09,Missing,3/8/25 20:18:58,ECH2,10285410384955,문구/사무용품,샤프심,8594037,"[자바펜] 나노블랙 ONE 0.5mm B, 샤프심, 6개",N,,,,rw_136_robotagent3,892796437,2.5F Autobag Nunit,2.5F_Autobag_robottmp 03,ROBOT_PB,R.Arm2,1,
2025-03-09,Missing,3/8/25 20:33:24,ECH2,10285395494581,가전디지털,이어폰,42755822,아이리버 ISE-30C / 화이트 ISE-30C,N,,,,rw_136_robotagent3,892806223,2.5F Autobag Nunit,2.5F_Autobag_robottmp 03,ROBOT_PB,R.Arm2,1,
2025-03-09,Missing,3/8/25 21:04:13,ECH2,10285405308555,주방용품,수저받침,47865441,에이드엘 실리콘 수저받침 6P 스프링,N,,,,rw_136_robotagent3,892813715,2.5F Autobag Nunit,2.5F_Autobag_robottmp 03,ROBOT_PB,R.Arm2,1,포장이 뜯어진 채 빈 비닐만 배송됨
2025-03-09,Missing,3/8/25 21:09:51,ECH2,10285410041233,패션잡화,라이터/담배케이스,54319125,고급 방풍 투명탱크 커플 생일 선물용 개인용 라이터 케이스 / 블루 아크(골드),N,,,,rw_136_robotagent2,892798322,2.5F Autobag Nunit,2.5F_Autobag_robottmp 02,ROBOT_PB,R.Arm2,1,빈비닐 배송됨
2025-03-09,Missing,3/8/25 21:32:29,ECH2,10285398652115,가전디지털,휴대폰액세서리,34528061,바우아토 맥세이프 그립톡 / 비비드레드,N,,,,rw_136_robotagent3,892848508,2.5F Autobag Nunit,2.5F_Autobag_robottmp 03,ROBOT_PB,R.Arm2,1,
2025-03-09,Missing,3/8/25 22:09:57,ECH2,10285398637220,자동차용품,키홀더,50332780,플러그인 / 베이지 H-10,N,,,,rw_136_robotagent3,892886706,2.5F Autobag Nunit,2.5F_Autobag_robottmp 03,ROBOT_PB,R.Arm2,1,빈 비닐만 배송 / 비닐 훼손
2025-03-09,Missing,3/8/25 22:10:44,ECH2,10285417989361,식품,다이어트식품,50977706,푸드올로지 콜레올로지컷 PRO 다이어트케어 / 1개 30정,N,,,,rw_136_robotagent3,892886706,2.5F Autobag Nunit,2.5F_Autobag_robottmp 03,ROBOT_PB,R.Arm2,1,
2025-03-09,Missing,3/8/25 23:17:51,ECH2,10285412215304,식품,다이어트식품,44433414,푸드올로지 맨올로지컷 프로 PRO / 1개 80정,N,,,,rw_136_robotagent3,892896307,2.5F Autobag Nunit,2.5F_Autobag_robottmp 03,ROBOT_PB,R.Arm2,1,빈봉지 배송됨
2025-03-09,Missing,3/8/25 23:19:15,ECH2,10285417354855,생활용품,치약,42263065,"[민티드] 프리미엄 고체치약 리필형 90정 (1.5개월분), 1개, 63g / 1개 63g",N,,,,rw_136_robotagent3,892896307,2.5F Autobag Nunit,2.5F_Autobag_robottmp 03,ROBOT_PB,R.Arm2,1,
2025-03-09,Missing,3/8/25 23:25:01,ECH2,10285411791034,생활용품,기타세탁세제류,37673522,생활공식 초강력 신발클리너 25p,N,,,,rw_136_robotagent3,892907785,2.5F Autobag Nunit,2.5F_Autobag_robottmp 03,ROBOT_PB,R.Arm2,1,
2025-03-09,Missing,3/8/25 23:25:45,ECH2,10285409905422,생활용품,기타수납및정리용품,52713329,엔더 초강력 실리콘 틈새차단 방수 단면 테이프 투명 1개,N,,,,rw_136_robotagent3,892907785,2.5F Autobag Nunit,2.5F_Autobag_robottmp 03,ROBOT_PB,R.Arm2,1,
2025-03-09,Missing,3/8/25 23:40:54,ECH2,10285410377012,문구/사무용품,문구용칼,44488839,화신 253 커터칼 대,N,,,,rw_136_robotagent5,892946447,2.5F Autobag Nunit,2.5F_Autobag_robottmp 05,ROBOT_PB,R.Arm2,1,
2025-03-09,Missing,3/8/25 23:42:29,ECH2,10285419376492,자동차용품,열쇠고리,38842888,엑스비지 하트 벌룬도그 키링 / 블랙,N,,,,rw_136_robotagent3,892943966,2.5F Autobag Nunit,2.5F_Autobag_robottmp 03,ROBOT_PB,R.Arm2,1,봉투 끝이 열려있고 빈봉투로 배송됨
2025-03-09,Missing,3/8/25 23:44:35,ECH2,10285409965132,가전디지털,전기면도기액세서리,44697935,브라운 5시리즈 52S 52B 면도날 호환용 / 52S(실버),N,,,,rw_136_robotagent3,892907562,2.5F Autobag Nunit,2.5F_Autobag_robottmp 03,ROBOT_PB,R.Arm2,1,
2025-03-09,Missing,3/8/25 23:44:38,ECH2,10285412278956,뷰티,네일 도구/소품,51496789,한투스 손톱깎이 세트  ST301 / 1세트 블랙+레드+줄2개,N,,,,rw_136_robotagent5,892946447,2.5F Autobag Nunit,2.5F_Autobag_robottmp 05,ROBOT_PB,R.Arm2,1,
2025-03-09,Missing,3/8/25 23:45:52,ECH2,10285417671981,뷰티,자외선차단제,7981733,AHC 내추럴 퍼펙션 프레쉬 선 스틱 22g,N,,,,rw_136_robotagent3,892907562,2.5F Autobag Nunit,2.5F_Autobag_robottmp 03,ROBOT_PB,R.Arm2,1,
2025-03-09,Missing,3/9/25 00:08:39,ECH2,10285427012884,뷰티,틴트/립글로스,49630931,쥬시 베리 플럼핑 립오일 / 1개 4g 00 프로즌 베리,N,,,,rw_136_robotagent3,892981078,2.5F Autobag Nunit,2.5F_Autobag_robottmp 03,ROBOT_PB,R.Arm2,1,
2025-03-09,Missing,3/9/25 00:48:53,ECH2,10285409773645,패션의류,기타속옷용품,46199400,바이트 브래지어 연장 후크 3단 6종색상 / 5.8x5cm 6개,N,,,,rw_136_robotagent3,893019422,2.5F Autobag Nunit,2.5F_Autobag_robottmp 03,ROBOT_PB,R.Arm2,1,
2025-03-09,Missing,3/9/25 01:09:23,ECH2,10285434923061,뷰티,립케어,2222372,버츠비 모이스춰라이징 립 밤 허니 4.25g,N,,,,rw_136_robotagent3,893051634,2.5F Autobag Nunit,2.5F_Autobag_robottmp 03,ROBOT_PB,R.Arm2,1,
2025-03-09,Missing,3/9/25 01:13:29,ECH2,10285437042473,식품,기타건강식품,54146968,ER Hana 이알하나 갱년기 여성 80mg / 1개 28정,N,,,,rw_136_robotagent3,893043409,2.5F Autobag Nunit,2.5F_Autobag_robottmp 03,ROBOT_PB,R.Arm2,1,
2025-03-09,Missing,3/9/25 01:23:24,ECH2,10285428743925,문구/사무용품,수정테이프,50005311,문화 화이트 수정테이프 1개,N,,,,rw_136_robotagent3,893062689,2.5F Autobag Nunit,2.5F_Autobag_robottmp 03,ROBOT_PB,R.Arm2,1,
2025-03-09,Missing,3/9/25 01:36:36,ECH2,10285425336465,가전디지털,이어폰,42755822,아이리버 ISE-30C / 화이트 ISE-30C,N,,,,rw_136_robotagent3,893066449,2.5F Autobag Nunit,2.5F_Autobag_robottmp 03,ROBOT_PB,R.Arm2,1,
2025-03-09,Missing,3/9/25 02:15:27,ECH2,10285433819010,뷰티,틴트/립글로스,11109134,에뛰드 디어달링워터틴트 2호 체리에이드,N,,,,rw_136_robotagent3,893100342,2.5F Autobag Nunit,2.5F_Autobag_robottmp 03,ROBOT_PB,R.Arm2,1,
2025-03-09,Missing,3/9/25 02:34:05,ECH2,10285415682021,생활용품,샤워기필터,41074583,쁘띠럽 여행용 샤워 필터 샤워기 / 1개 샤워 헤드 필터 총 4개,N,,,,rw_136_robotagent3,893112503,2.5F Autobag Nunit,2.5F_Autobag_robottmp 03,ROBOT_PB,R.Arm2,1,빈 비닐
2025-03-09,Missing,3/9/25 03:26:41,ECH2,10285425855272,뷰티,립스틱,3003273,머지 더 퍼스트 립스틱 L2.LOOK AT ME 룩앳미 1개,N,,,,rw_136_robotagent3,893132367,2.5F Autobag Nunit,2.5F_Autobag_robottmp 03,ROBOT_PB,R.Arm2,1,빈봉지
2025-03-09,Missing,3/9/25 03:29:12,ECH2,10285421899664,뷰티,블러셔/하이라이터/섀딩,15608785,[독일직수입] 캐트리스 모어 댄 글로우 하이라이터 5.9g 010 얼티매트 플리태늄 글레이즈,N,,,,rw_136_robotagent3,893140145,2.5F Autobag Nunit,2.5F_Autobag_robottmp 03,ROBOT_PB,R.Arm2,1,
2025-03-09,Missing,3/9/25 03:34:28,ECH2,10285435989990,식품,비타민,325178,종근당 비타민D 1000 IU 400mg*90정(36g),N,,,,rw_136_robotagent3,893142843,2.5F Autobag Nunit,2.5F_Autobag_robottmp 03,ROBOT_PB,R.Arm2,1,
2025-03-09,Missing,3/9/25 03:50:33,ECH2,10285408597774,뷰티,립스틱,12121197,원나잇 립스틱 4호 청담동 코랄,N,,,,rw_136_robotagent3,893147566,2.5F Autobag Nunit,2.5F_Autobag_robottmp 03,ROBOT_PB,R.Arm2,1,
2025-03-09,Missing,3/9/25 08:24:28,ECH2,10285442821010,뷰티,미용비누,47803159,비누_체리블라썸 향 90g,N,,,,rw_136_robotagent3,893171384,2.5F Autobag Nunit,2.5F_Autobag_robottmp 03,ROBOT_PB,R.Arm2,1,빈비닐만 배송됨
2025-03-09,Missing,3/9/25 08:40:28,ECH2,10285443244145,식품,과일음료,5342025,레이지 레몬주스,N,,,,rw_136_robotagent3,893180633,2.5F Autobag Nunit,2.5F_Autobag_robottmp 03,ROBOT_PB,R.Arm2,1,
2025-03-09,Missing,3/9/25 08:51:31,ECH2,10285442100253,뷰티,클렌징오일/워터/크림,44315569,클린 잇 제로 카밍 클렌징밤 100ML,N,,,,rw_136_robotagent3,893184457,2.5F Autobag Nunit,2.5F_Autobag_robottmp 03,ROBOT_PB,R.Arm2,1,
2025-03-10,Missing,3/8/25 16:03:38,ECH2,10285396428635,뷰티,페이스파우더/팩트,15809752,"바닐라코 프라임 프라이머 피니쉬 파우더 미니 5g, 1개",N,,,,rw_136_robotagent3,892646768,2.5F Autobag Nunit,2.5F_Autobag_robottmp 03,ROBOT_PB,R.Arm2,1,
2025-03-10,Missing,3/8/25 16:48:05,ECH2,10285394563570,스포츠/레저용품,셔틀콕,9377975,프로모릭스 일반형 깃털 셔틀콕 3입,N,,,,rw_136_robotagent3,892674924,2.5F Autobag Nunit,2.5F_Autobag_robottmp 03,ROBOT_PB,R.Arm2,1,
2025-03-10,Missing,3/8/25 19:42:57,ECH2,10285400116666,뷰티,일반네일/매니큐어,11960189,"위드샨 60초 건조네일 매니큐어 베이스코트, 1개, 베이스코트 15ml",N,,,,rw_136_robotagent3,892664575,2.5F Autobag Nunit,2.5F_Autobag_robottmp 03,ROBOT_PB,R.Arm2,1,빈 포장지만 배송
2025-03-10,Missing,3/8/25 20:22:01,ECH2,10285412633893,패션잡화,머리핀/머리끈,40451225,[로르블랑] 젤리 똑딱핀 (40개set) / 옵션2. 비비드 40P,N,,,,rw_136_robotagent3,892798018,2.5F Autobag Nunit,2.5F_Autobag_robottmp 03,ROBOT_PB,R.Arm2,1,비닐이 뜯어진채배송/ 상품없어짐
2025-03-10,Missing,3/8/25 21:21:18,ECH2,10285413450874,생활용품,욕실수납용품,15590993,코멧홈 스테인레스 드라이기 거치대 + 코드 홀더,N,,,,rw_136_robotagent3,892845216,2.5F Autobag Nunit,2.5F_Autobag_robottmp 03,ROBOT_PB,R.Arm2,1,
2025-03-10,Missing,3/9/25 00:21:48,ECH2,10285405491620,가전디지털,터치펜/액세서리,32192205,"로랜텍 애플펜슬 펜촉 반영구 메탈 샤프 팁스 프로 3세대 / 2세대 / 1세대, 화이트",N,,,,rw_136_robotagent3,892968350,2.5F Autobag Nunit,2.5F_Autobag_robottmp 03,ROBOT_PB,R.Arm2,1,빈 박스
2025-03-10,Missing,3/9/25 00:45:24,ECH2,10285434313416,뷰티,자외선차단제,54479008,헤아림 래디언스 토닝 선크림 미백 톤업 / 1개 45ml,N,,,,rw_136_robotagent3,893019422,2.5F Autobag Nunit,2.5F_Autobag_robottmp 03,ROBOT_PB,R.Arm2,1,빈비닐배송
2025-03-10,Missing,3/9/25 01:09:31,ECH2,10285431684441,뷰티,마스크/팩,26987934,에뛰드 진저슈가 오버나이트 립 마스크 23G,N,,,,rw_136_robotagent3,893051634,2.5F Autobag Nunit,2.5F_Autobag_robottmp 03,ROBOT_PB,R.Arm2,1,빈봉투로 배송됨
2025-03-10,Missing,3/9/25 01:29:54,ECH2,10285437949555,패션잡화,기타시즌잡화,53255221,퍼니펀 체크 왕 리본 진주 꽃 신발 꾸미기 파츠 세트 / 퍼비츠 FSSET-23,N,,,,rw_136_robotagent3,893052421,2.5F Autobag Nunit,2.5F_Autobag_robottmp 03,ROBOT_PB,R.Arm2,1,ㅁ
2025-03-10,Missing,3/9/25 08:06:59,ECH2,10285441426971,뷰티,헤어트리트먼트/팩/앰플,35934073,피노 프리미엄 터치 헤어 마스크 비 230g,N,,,,rw_136_robotagent3,893153970,2.5F Autobag Nunit,2.5F_Autobag_robottmp 03,ROBOT_PB,R.Arm2,1,
2025-03-10,Missing,3/9/25 08:25:56,ECH2,10285443129931,패션잡화,기타쥬얼리,53031693,VARAM 써지컬연장체인 / 블랙,N,,,,rw_136_robotagent3,893171384,2.5F Autobag Nunit,2.5F_Autobag_robottmp 03,ROBOT_PB,R.Arm2,1,.
2025-03-10,Missing,3/9/25 11:04:01,ECH2,10285448550215,뷰티,마스카라,2023543,에뛰드하우스 청순 거짓 브라우 카라  4.5g 4호 내추럴 브라운,N,,,,rw_136_robotagent2,893252443,2.5F Autobag Nunit,2.5F_Autobag_robottmp 02,ROBOT_PB,R.Arm2,1,
2025-03-10,Missing,3/9/25 15:11:48,ECH2,10285464856682,완구/취미,유아용점토/클레이,45577214,아모스 아이슬라임 300g 투명,N,,,,rw_136_robotagent7,893356308,2.5F Autobag Nunit,2.5F_Autobag_robottmp 07,ROBOT_PB,R.Arm2,1,
2025-03-10,Missing,3/10/25 00:05:27,ECH2,10285508252865,출산/유아,기타유모차액세서리,35345675,오가닉팩토리 다용도 유모차 블랭킷 클립 블랙(2P),N,,,,rw_136_robotagent7,893755293,2.5F Autobag Nunit,2.5F_Autobag_robottmp 07,ROBOT_PB,R.Arm2,1,
2025-03-10,Missing,3/10/25 00:09:59,ECH2,10285506452336,뷰티,헤어 브러쉬,6003515,다슈 데일리 스칼프 스케링링 샴푸 브러쉬,N,,,,rw_136_robotagent6,893763687,2.5F Autobag Nunit,2.5F_Autobag_robottmp 06,ROBOT_PB,R.Arm2,1,
2025-03-10,Missing,3/10/25 09:03:54,ECH2,10285514223272,뷰티,마스카라,16724169,"에뛰드 NEW 컬픽스 마스카라 7.5g, 01 블랙",N,,,,rw_136_robotagent5,893984665,2.5F Autobag Nunit,2.5F_Autobag_robottmp 05,ROBOT_PB,R.Arm2,1,누락
2025-03-10,Missing,3/10/25 09:19:23,ECH2,10285521511834,뷰티,아이라이너,47624035,에뛰드 베어 엣지 메이크업 멀티 실러 8g,N,,,,rw_136_robotagent1,893987802,2.5F Autobag Nunit,2.5F_Autobag_robottmp 01,ROBOT_PB,R.Arm2,1,"에뛰드 베어 엣지 메이크업 멀티 실러 8g
누락"
2025-03-11,Missing,3/7/25 21:58:29,ECH2,10285340108455,자동차용품,키홀더,50332779,플러그인 / 네이비 H-10,N,,,,rw_136_robotagent5,892168202,2.5F Autobag Nunit,2.5F_Autobag_robottmp 05,ROBOT_PB,R.Arm2,1,박스의 뚜껑만 배송 받으심
2025-03-11,Missing,3/11/25 00:15:27,ECH2,10285586765042,뷰티,아이섀도,48785058,에뛰드 블링블링아이돌스틱 05 핑크빛새벽별,N,,,,rw_136_robotagent2,894599769,2.5F Autobag Nunit,2.5F_Autobag_robottmp 02,ROBOT_PB,R.Arm2,1,
2025-03-11,Missing,3/11/25 02:41:57,ECH2,10285590585432,뷰티,틴트/립글로스,50110186,에뛰드 디어달링 워터 젤틴트 04 자두레드 5g,N,,,,rw_136_robotagent7,894692791,2.5F Autobag Nunit,2.5F_Autobag_robottmp 07,ROBOT_PB,R.Arm2,1,누락
2025-03-11,Missing,3/11/25 02:53:26,ECH2,10285540835172,자동차용품,키홀더,54597365,키케이스501 DaysIN 키케이스 포드 호환 / 핑크 D,N,,,,rw_136_robotagent7,894751572,2.5F Autobag Nunit,2.5F_Autobag_robottmp 07,ROBOT_PB,R.Arm2,1,
2025-03-11,Missing,3/11/25 03:05:33,ECH2,10285593323364,생활용품,팬티형 성인기저귀,50784760,"비다웰 시크릿데이 요실금패드 날개형, 중형, 14매입, 1팩",N,,,,rw_136_robotagent5,894710784,2.5F Autobag Nunit,2.5F_Autobag_robottmp 05,ROBOT_PB,R.Arm2,1,1개가 안 왔어요
2025-03-11,Missing,3/11/25 08:57:45,ECH2,10285600794055,뷰티,네일 도구/소품,23011234,슈테인더 손톱깎이 (1개입) / 1개입,N,,,,rw_136_robotagent2,894825042,2.5F Autobag Nunit,2.5F_Autobag_robottmp 02,ROBOT_PB,R.Arm2,1,
2025-03-11,Missing,3/11/25 09:35:09,ECH2,10285601580111,뷰티,아이섀도,18318779,에뛰드 블링블링 아이스틱 15호 살구빛백조별,N,,,,rw_136_robotagent5,894851827,2.5F Autobag Nunit,2.5F_Autobag_robottmp 05,ROBOT_PB,R.Arm2,1,합 포장 상품 누락
2025-03-12,Missing,3/10/25 15:15:18,ECH2,10285542014414,뷰티,헤어 브러쉬,6003515,다슈 데일리 스칼프 스케링링 샴푸 브러쉬,N,,,,rw_136_robotagent2,894195471,2.5F Autobag Nunit,2.5F_Autobag_robottmp 02,ROBOT_PB,R.Arm2,1,
2025-03-12,Missing,3/11/25 09:26:07,ECH2,10285603191371,자동차용품,키홀더,44388010,드레스업 (K-05) / K-05 모카브라운,N,,,,rw_136_robotagent3,894836598,2.5F Autobag Nunit,2.5F_Autobag_robottmp 03,ROBOT_PB,R.Arm2,1,
2025-03-12,Missing,3/11/25 11:02:39,ECH2,10285609327604,식품,과일음료,142972,솔리몬 스퀴즈드 레몬 280ml,N,,,,rw_136_robotagent4,894914688,2.5F Autobag Nunit,2.5F_Autobag_robottmp 04,ROBOT_PB,R.Arm2,1,상품 자체 누락
2025-03-12,Missing,3/11/25 16:28:38,ECH2,10285628065171,가전디지털,휴대폰케이스,54829701,엑씨 에어스타 맥세이프 내장 2배자력 변색없는 고투명 안전 범퍼 휴대폰 케이스 갤럭시S25 화이트,N,,,,rw_136_robotagent7,895076042,2.5F Autobag Nunit,2.5F_Autobag_robottmp 07,ROBOT_PB,R.Arm2,1,
2025-03-12,Missing,3/12/25 08:38:46,ECH2,10285677991735,뷰티,틴트/립글로스,2374344,머지 더 퍼스트 벨벳 틴트 V1.블러디 메리(BLOODY MARY),N,,,,rw_136_robotagent7,895628088,2.5F Autobag Nunit,2.5F_Autobag_robottmp 07,ROBOT_PB,R.Arm2,1,누락
2025-03-12,Missing,3/12/25 09:02:27,ECH2,10285677767691,가전디지털,휴대폰보호필름,28148117,밸류엠 고화질 9H 강화유리 휴대폰 액정보호필름 5매입 애플 아이폰14프로,N,,,,rw_136_robotagent1,895640632,2.5F Autobag Nunit,2.5F_Autobag_robottmp 01,ROBOT_PB,R.Arm2,1,
2025-03-13,Missing,3/8/25 19:50:33,ECH2,10285404526666,뷰티,립케어,22897949,카멕스 모이스처라이징 립밤 클래식스틱 4.25gX3개입 무향,N,,,,rw_136_robotagent3,892778590,2.5F Autobag Nunit,2.5F_Autobag_robottmp 03,ROBOT_PB,R.Arm2,1,빈비닐 배송
2025-03-13,Missing,3/8/25 20:30:17,ECH2,10285395422702,패션잡화,지갑,50529958,윌리엄캠벨 소가죽 카드지갑 W5239 / 블랙,N,,,,rw_136_robotagent5,892796659,2.5F Autobag Nunit,2.5F_Autobag_robottmp 05,ROBOT_PB,R.Arm2,1,
2025-03-13,Missing,3/11/25 14:20:48,ECH2,10285612560602,자동차용품,키홀더,50332779,플러그인 / 네이비 H-10,N,,,,rw_136_robotagent5,894990157,2.5F Autobag Nunit,2.5F_Autobag_robottmp 05,ROBOT_PB,R.Arm2,1,
2025-03-13,Missing,3/12/25 15:12:16,ECH2,10285690491370,생활용품,보호대/교정용품,53319307,석샘 거북목 방지 목 보호대 밴드 쿠션 / 1개 L(남성),N,,,,rw_136_robotagent6,895824296,2.5F Autobag Nunit,2.5F_Autobag_robottmp 06,ROBOT_PB,R.Arm2,1,빈봉투
2025-03-13,Missing,3/12/25 16:35:18,ECH2,10285679780876,스포츠/레저용품,볼주머니/파우치,49236698,마블 브릭로고 볼파우치 화이트 / 1개 마블 화이트,N,,,,rw_136_robotagent7,895882368,2.5F Autobag Nunit,2.5F_Autobag_robottmp 07,ROBOT_PB,R.Arm2,1,
2025-03-13,Missing,3/12/25 20:55:34,ECH2,10285715593521,완구/취미,캐릭터/수집카드,55870742,하이큐 굿즈 일러스트 포토카드 포카 60pcs + 미니 스티커 32pcs / 하이큐!!,N,,,,rw_136_robotagent1,896033218,2.5F Autobag Nunit,2.5F_Autobag_robottmp 01,ROBOT_PB,R.Arm2,1,빈비닐만 배송됨
2025-03-13,Missing,3/12/25 22:07:44,ECH2,10285718868176,자동차용품,키홀더,46925874,플러그인 (기아) / 기아 그레이,N,,,,rw_136_robotagent7,896123102,2.5F Autobag Nunit,2.5F_Autobag_robottmp 07,ROBOT_PB,R.Arm2,1,
2025-03-13,Missing,3/12/25 23:42:44,ECH2,10285726736246,패션잡화,팔찌,29182280,에르모사제이 맨즈 MW046 써지컬 스틸 십자가 메쉬 남자 팔찌 / 실버,N,,,,rw_136_robotagent2,896197097,2.5F Autobag Nunit,2.5F_Autobag_robottmp 02,ROBOT_PB,R.Arm2,1,
2025-03-13,Missing,3/13/25 02:40:54,ECH2,10285728563530,뷰티,바디스크럽,342385,지오마 리모델링 바디 스크럽 600g,N,,,,rw_136_robotagent6,896364461,2.5F Autobag Nunit,2.5F_Autobag_robottmp 06,ROBOT_PB,R.Arm2,1,
2025-03-13,Missing,3/13/25 02:50:44,ECH2,10285734564840,가전디지털,PC스피커/헤드셋/기타,51977966, 무선 블루투스 스피커  / 블랙,N,,,,rw_136_robotagent2,896365837,2.5F Autobag Nunit,2.5F_Autobag_robottmp 02,ROBOT_PB,R.Arm2,1,빈박스
2025-03-14,Missing,3/12/25 20:29:17,ECH2,10285689261761,자동차용품,키홀더,46925872,플러그인 (기아) / 기아 베이지,N,,,,rw_136_robotagent7,896020352,2.5F Autobag Nunit,2.5F_Autobag_robottmp 07,ROBOT_PB,R.Arm2,1,
2025-03-14,Missing,3/13/25 21:08:41,ECH2,10285781667641,가전디지털,휴대폰케이스,54054784,"아이엔픽 모론즈 지갑형 다이어리 휴대폰 케이스, 딥그린, 갤럭시 S24FE (S721)",N,,,,rw_136_robotagent1,896838821,2.5F Autobag Nunit,2.5F_Autobag_robottmp 01,ROBOT_PB,R.Arm2,1,
2025-03-14,Missing,3/13/25 21:46:25,ECH2,10285781712286,자동차용품,키홀더,41603564,HAKO 가죽 / 네이비 7버튼-B,N,,,,rw_136_robotagent7,896870184,2.5F Autobag Nunit,2.5F_Autobag_robottmp 07,ROBOT_PB,R.Arm2,1,
2025-03-14,Missing,3/13/25 21:51:46,ECH2,10285795709210,자동차용품,키홀더,54597368,키케이스501 DaysIN 키케이스 포드 호환 / 브라운 D,N,,,,rw_136_robotagent5,896889303,2.5F Autobag Nunit,2.5F_Autobag_robottmp 05,ROBOT_PB,R.Arm2,1,
2025-03-14,Missing,3/14/25 02:32:48,ECH2,10285801229480,패션잡화,라이터/담배케이스,54319139,고급 방풍 투명탱크 커플 생일 선물용 개인용 라이터 케이스 / 블루 아크(레드),N,,,,rw_136_robotagent1,897129920,2.5F Autobag Nunit,2.5F_Autobag_robottmp 01,ROBOT_PB,R.Arm2,1,
2025-03-14,Missing,3/14/25 03:14:17,ECH2,10285818494070,뷰티,젤네일/젤폴리쉬,55868099,논와이프 크레이지 오버레이 탑젤 / 1개 소프트 14ml,N,,,,rw_136_robotagent2,897152944,2.5F Autobag Nunit,2.5F_Autobag_robottmp 02,ROBOT_PB,R.Arm2,1,
2025-03-14,Missing,3/14/25 08:58:35,ECH2,10285825237122,뷰티,아이/넥크림,30337090,AHC 텐 레볼루션 리얼 아이크림 포 페이스 35ml 1개,N,,,,rw_136_robotagent4,897195889,2.5F Autobag Nunit,2.5F_Autobag_robottmp 04,ROBOT_PB,R.Arm2,1,
2025-03-15,Missing,3/10/25 21:03:51,ECH2,10285548788583,문구/사무용품,만년필잉크/컨버터/카트리지,11522859,라미 병잉크 리필 30ML 블랙,N,,,,rw_136_robotagent1,894430010,2.5F Autobag Nunit,2.5F_Autobag_robottmp 01,ROBOT_PB,R.Arm2,1,빈박스 배송됨
2025-03-15,Missing,3/14/25 00:14:12,ECH2,10285808911766,뷰티,마스카라,16724169,"에뛰드 NEW 컬픽스 마스카라 7.5g, 01 블랙",N,,,,rw_136_robotagent1,897016592,2.5F Autobag Nunit,2.5F_Autobag_robottmp 01,ROBOT_PB,R.Arm2,1,빈봉투배송
2025-03-15,Missing,3/14/25 08:23:32,ECH2,10285816347763,패션잡화,팔찌,43199523,붓다베스트 행운의 물고기 복숭아나무 매듭 팔찌 레드 FREE,N,,,,rw_136_robotagent5,897174395,2.5F Autobag Nunit,2.5F_Autobag_robottmp 05,ROBOT_PB,R.Arm2,1,빈박스만 배송됨
2025-03-15,Missing,3/14/25 08:55:30,ECH2,10285821875781,주방용품,일회용꼬치/꼬지,47613274,리빙웰 다용도 대나무꼬지10cm 1000개,N,,,,rw_136_robotagent4,897195889,2.5F Autobag Nunit,2.5F_Autobag_robottmp 04,ROBOT_PB,R.Arm2,1,미수령
2025-03-15,Missing,3/14/25 09:05:06,ECH2,10285821176304,반려/애완용품,미용용품/브러쉬,47998190,피버 반려동물 초미세 눈꼽빗 화이트 1개,N,,,,rw_136_robotagent7,897209438,2.5F Autobag Nunit,2.5F_Autobag_robottmp 07,ROBOT_PB,R.Arm2,1,
2025-03-15,Missing,3/14/25 13:47:39,ECH2,10285838974692,뷰티,파마약,42006831,다나미 블랙 펌 3세트 / 1개 600ml,N,,,,rw_136_robotagent2,897335835,2.5F Autobag Nunit,2.5F_Autobag_robottmp 02,ROBOT_PB,R.Arm2,1,빈 비닐만 배송됨
2025-03-15,Missing,3/14/25 20:01:21,ECH2,10285859357535,가전디지털,태블릿PC용 케이스/보호필름,49353901,키큰기린 갤럭시 S24 울트라 사생활보호 매트  액정 보호필름 / S24 울트라 매트프라이버스 2매,N,,,,rw_136_robotagent5,897526515,2.5F Autobag Nunit,2.5F_Autobag_robottmp 05,ROBOT_PB,R.Arm2,1,
2025-03-15,Missing,3/14/25 20:32:11,ECH2,10285852748356,자동차용품,키홀더,41603564,HAKO 가죽 / 네이비 7버튼-B,N,,,,rw_136_robotagent7,897549563,2.5F Autobag Nunit,2.5F_Autobag_robottmp 07,ROBOT_PB,R.Arm2,1,
2025-03-15,Missing,3/14/25 23:16:14,ECH2,10285820762405,패션잡화,지갑,53833100,다크모카 심플 가죽 카드 지갑 / 브라운,N,,,,rw_136_robotagent4,897631539,2.5F Autobag Nunit,2.5F_Autobag_robottmp 04,ROBOT_PB,R.Arm2,1,주문상품은 맞으나 상품이 들어있지 않음
2025-03-16,Missing,3/10/25 13:19:09,ECH2,10285531098780,생활용품,기타가정용품,49922867,소화기 동전 저금통 책상 인테리어 소품 집들이 선물 보관함 / 1개,N,,,,rw_136_robotagent4,894112683,2.5F Autobag Nunit,2.5F_Autobag_robottmp 04,ROBOT_PB,R.Arm2,1,
2025-03-16,Missing,3/15/25 00:02:05,ECH2,10285872228612,패션잡화,팔찌,40648572,고급 색상 호안석팔찌 / 01.황금 중 (M),N,,,,rw_136_robotagent6,897718780,2.5F Autobag Nunit,2.5F_Autobag_robottmp 06,ROBOT_PB,R.Arm2,1,
2025-03-16,Missing,3/15/25 08:13:04,ECH2,10285884962135,뷰티,인조손톱/네일팁,56135422,벨오브제 젤타입 네일 패디팁 양면테이프 / 20세트 24P,N,,,,rw_136_robotagent6,897881711,2.5F Autobag Nunit,2.5F_Autobag_robottmp 06,ROBOT_PB,R.Arm2,1,일부누락
2025-03-16,Missing,3/15/25 20:09:12,ECH2,10285923307111,가전디지털,휴대폰액세서리,51274487,위너피아 논슬립 은사 게이밍 터치 슬리브 / 화이트실버 4개,N,,,,rw_136_robotagent5,898228372,2.5F Autobag Nunit,2.5F_Autobag_robottmp 05,ROBOT_PB,R.Arm2,1,하나는 왔는데 나머지가 않옴
2025-03-16,Missing,3/15/25 21:19:39,ECH2,10285929384883,패션의류,남성팬티,44578947,TMPDRC2 MV3 / 110,N,,,,rw_136_robotagent6,898296625,2.5F Autobag Nunit,2.5F_Autobag_robottmp 06,ROBOT_PB,R.Arm2,1,
2025-03-16,Missing,3/16/25 00:34:46,ECH2,10285929529886,자동차용품,키홀더,55558295,드레스업 / 모카브라운 S-03,N,,,,rw_136_robotagent4,898435346,2.5F Autobag Nunit,2.5F_Autobag_robottmp 04,ROBOT_PB,R.Arm2,1,
2025-03-16,Missing,3/16/25 03:11:42,ECH2,10285915049432,가전디지털,휴대용게임주변기기,55411486,호후 닌텐도 스위치 케이스 게임칩 팩 보관함 마콤 24칸 혼합색상,N,,,,rw_136_robotagent5,898574218,2.5F Autobag Nunit,2.5F_Autobag_robottmp 05,ROBOT_PB,R.Arm2,1,
2025-03-17,Missing,3/3/25 14:00:17,ECH2,10284990581552,식품,비타민,370550,세노비스 프로바이오틱스 (60캡슐) 24.6g  1개입,N,,,,rw_136_robotagent5,888427034,2.5F Autobag Nunit,2.5F_Autobag_robottmp 05,ROBOT_PB,R.Arm2,1,1개 누락
2025-03-17,Missing,3/14/25 19:35:45,ECH2,10285850114643,자동차용품,키홀더,46925872,플러그인 (기아) / 기아 베이지,N,,,,rw_136_robotagent6,897504762,2.5F Autobag Nunit,2.5F_Autobag_robottmp 06,ROBOT_PB,R.Arm2,1,
2025-03-17,Missing,3/15/25 12:59:03,ECH2,10285899605494,뷰티,컨실러,3201661,한스킨 블레미쉬 커버(라이트)(12g)_(AD) [HZFOA0163B],N,,,,rw_136_robotagent6,898004245,2.5F Autobag Nunit,2.5F_Autobag_robottmp 06,ROBOT_PB,R.Arm2,1,
2025-03-17,Missing,3/16/25 13:54:42,ECH2,10285961689301,생활용품,주방식기세제,46522663,"뷰카 정직한 베이킹소다 주방 설거지바 레몬버베나 120g, 3개",N,,,,rw_136_robotagent3,898788695,2.5F Autobag Nunit,2.5F_Autobag_robottmp 03,ROBOT_PB,R.Arm2,1,
2025-03-17,Missing,3/16/25 20:31:46,ECH2,10285984738260,식품,기타건강식품,44072007,엔썸잇 식후엔 바나바잎추출물 코로솔산 MAX 75g / 1개 150정,N,,,,rw_136_robotagent2,899026767,2.5F Autobag Nunit,2.5F_Autobag_robottmp 02,ROBOT_PB,R.Arm2,1,
2025-03-17,Missing,3/16/25 20:39:45,ECH2,10285991416573,패션잡화,목걸이,48832006,목걸이 no.146 / 레드 4mm,N,,,,rw_136_robotagent7,899043091,2.5F Autobag Nunit,2.5F_Autobag_robottmp 07,ROBOT_PB,R.Arm2,1,
2025-03-17,Missing,3/16/25 20:52:13,ECH2,10285985424525,패션잡화,팔찌,47276879,사각 자수정 호안석 팔찌 / 천연 사각 호안석,N,,,,rw_136_robotagent3,899058844,2.5F Autobag Nunit,2.5F_Autobag_robottmp 03,ROBOT_PB,R.Arm2,1,
2025-03-17,Missing,3/17/25 00:17:31,ECH2,10285999845063,완구/취미,캐릭터/수집카드,43257421,명탐정 코난 포토카드  / 블랙,N,,,,rw_136_robotagent5,899247834,2.5F Autobag Nunit,2.5F_Autobag_robottmp 05,ROBOT_PB,R.Arm2,1,
2025-03-17,Missing,3/17/25 02:47:56,ECH2,10286023707002,뷰티,틴트/립글로스,47291119,토니모리 퍼펙트립스 쇼킹립 4g N09플럼쇼킹 1개,N,,,,rw_136_robotagent2,899387680,2.5F Autobag Nunit,2.5F_Autobag_robottmp 02,ROBOT_PB,R.Arm2,1,
2025-03-17,Missing,3/17/25 15:05:13,ECH2,10286052326211,자동차용품,키홀더,46925872,플러그인 (기아) / 기아 베이지,N,,,,rw_136_robotagent7,899660813,2.5F Autobag Nunit,2.5F_Autobag_robottmp 07,ROBOT_PB,R.Arm2,1,
2025-03-18,Missing,3/16/25 20:39:39,ECH2,10285997361570,주방용품,수세미,37311188,3M 스카치브라이트 그리너클린 천연펄프 수세미 강력용 2입,N,,,,rw_136_robotagent4,899040846,2.5F Autobag Nunit,2.5F_Autobag_robottmp 04,ROBOT_PB,R.Arm2,1,
2025-03-18,Missing,3/17/25 00:19:35,ECH2,10285988604566,패션잡화,머리띠,52935951,영블리 YJH036 크리스탈 리본 헤어밴드 / 블랙리본,N,,,,rw_136_robotagent1,899246848,2.5F Autobag Nunit,2.5F_Autobag_robottmp 01,ROBOT_PB,R.Arm2,1,
2025-03-18,Missing,3/17/25 14:35:16,ECH2,10286046527772,문구/사무용품,파티가랜드,53296605,OK 컬러 포토 가랜드 벽걸이 종이액자 벽꾸미기 / 2세트 포토 가랜드 10p,N,,,,rw_136_robotagent5,899637680,2.5F Autobag Nunit,2.5F_Autobag_robottmp 05,ROBOT_PB,R.Arm2,1,
2025-03-18,Missing,3/17/25 15:22:36,ECH2,10286052573506,완구/취미,캐치볼,54956518,스내피 스퀴시 스트레스 볼 / 1개 핑크,N,,,,rw_136_robotagent5,899672542,2.5F Autobag Nunit,2.5F_Autobag_robottmp 05,ROBOT_PB,R.Arm2,1,
2025-03-18,Missing,3/17/25 20:00:09,ECH2,10286052487093,식품,MSM/보스웰리아,7891488,"재로우포뮬라 엠에스엠 베지캡슐 200정, 1개",N,,,,rw_136_robotagent5,899837113,2.5F Autobag Nunit,2.5F_Autobag_robottmp 05,ROBOT_PB,R.Arm2,1,
2025-03-18,Missing,3/17/25 20:58:43,ECH2,10286072357223,패션잡화,팔찌,40648129,고급 색상 호안석팔찌 / 02.로얄블루 대 (L),N,,,,rw_136_robotagent7,899880775,2.5F Autobag Nunit,2.5F_Autobag_robottmp 07,ROBOT_PB,R.Arm2,1,
2025-03-18,Missing,3/18/25 02:30:52,ECH2,10286093572300,뷰티,블러셔/하이라이터/섀딩,40364262,데이지크 블렌딩 무드 치크 10 뮤티드 넛츠 1개 12g,N,,,,rw_136_robotagent2,900197135,2.5F Autobag Nunit,2.5F_Autobag_robottmp 02,ROBOT_PB,R.Arm2,1,택배함 비번 오류
2025-03-19,Missing,3/18/25 12:32:54,ECH2,10286116445916,패션잡화,귀걸이,34950851,블루씨티 여성용 18피스 골드 펄 셀링 스터드 링 귀걸이 세트 / 18개 세트,N,,,,rw_136_robotagent6,900372659,2.5F Autobag Nunit,2.5F_Autobag_robottmp 06,ROBOT_PB,R.Arm2,1,Ear ring
2025-03-19,Missing,3/18/25 13:03:59,ECH2,10286110983466,생활용품,기타수납및정리용품,34469096,HONGJU 실리콘 케이블 타이 전선 정리 영구 사용 버튼형 화이트 / 10개,N,,,,rw_136_robotagent7,900403978,2.5F Autobag Nunit,2.5F_Autobag_robottmp 07,ROBOT_PB,R.Arm2,1,
2025-03-19,Missing,3/18/25 20:07:49,ECH2,10286143640850,자동차용품,키홀더,46925871,플러그인 (기아) / 기아 네이비,N,,,,rw_136_robotagent6,900648238,2.5F Autobag Nunit,2.5F_Autobag_robottmp 06,ROBOT_PB,R.Arm2,1,
2025-03-19,Missing,3/18/25 23:32:31,ECH2,10286115672722,패션잡화,라이터/담배케이스,54319139,고급 방풍 투명탱크 커플 생일 선물용 개인용 라이터 케이스 / 블루 아크(레드),N,,,,rw_136_robotagent1,900814034,2.5F Autobag Nunit,2.5F_Autobag_robottmp 01,ROBOT_PB,R.Arm2,1,
2025-03-19,Missing,3/19/25 02:10:02,ECH2,10286168022340,가전디지털,카메라액세서리,10207253,인스탁스 미니필름 2팩(20장) + 포토체어 색상랜덤발송 + GL앨범,N,,,,rw_136_robotagent5,900975613,2.5F Autobag Nunit,2.5F_Autobag_robottmp 05,ROBOT_PB,R.Arm2,1,비닐만도착
2025-03-19,Missing,3/19/25 14:49:49,ECH2,10286201455935,생활용품,가정/생활안전용품,32836753,터치버튼커버 인덕션 고양이 화재 정수기 공기청정기 파워버튼 커버 / 4개입,N,,,,rw_136_robotagent3,901231132,2.5F Robot arm,136_2M1_AB_RA_OG_03,ROBOT_PB,R.Arm2,1,1개상품이 안왔습니다.
2025-03-20,Missing,3/19/25 00:33:55,ECH2,10286153223135,패션의류,남성팬티,39713276,트라이 인견스판 남삼각팬티 / 100,N,,,,rw_136_robotagent1,900885770,2.5F Autobag Nunit,2.5F_Autobag_robottmp 01,ROBOT_PB,R.Arm2,1,
2025-03-20,Missing,3/19/25 14:06:43,ECH2,10286190480322,패션잡화,라이터/담배케이스,54318990,터보 방풍 명품 고급 슬림 오일 기름 라이타 색상선택  / [725] 흑-실버,N,,,,rw_136_robotagent6,901206222,2.5F Robot arm,136_2M1_AB_RA_OG_06,ROBOT_PB,R.Arm2,1,
2025-03-20,Missing,3/19/25 20:02:38,ECH2,10286215191630,패션의류,남성팬티,39713279,트라이 인견스판 남삼각팬티 / 95,N,,,,rw_136_robotagent5,901413923,2.5F Robot arm,136_2M1_AB_RA_OG_05,ROBOT_PB,R.Arm2,1,빈박스만 배송됨
2025-03-20,Missing,3/20/25 03:36:06,ECH2,10286241324380,자동차용품,자동차 악세서리,12072409,위드지저스 가온천사 차량걸이 원목별십자가 기도 십자가,N,,,,rw_136_robotagent4,901770749,2.5F Robot arm,136_2M1_AB_RA_OG_04,ROBOT_PB,R.Arm2,1,
2025-03-20,Missing,3/20/25 09:26:16,ECH2,10286250139572,뷰티,컨실러,380511,"루나 롱래스팅 팁컨실러 2호(베이지), 1개",N,,,,rw_136_robotagent2,901834560,2.5F Robot arm,136_2M1_AB_RA_OG_02,ROBOT_PB,R.Arm2,1,
2025-03-20,Missing,3/20/25 09:37:13,ECH2,10286252820045,생활용품,기타가정용품,48296238,아일리톨 핑크 입호흡 / 1개,N,,,,rw_136_robotagent5,901836381,2.5F Robot arm,136_2M1_AB_RA_OG_05,ROBOT_PB,R.Arm2,1,
2025-03-20,Missing,3/20/25 10:21:29,ECH2,10286259052591,자동차용품,키홀더,57316084,TPJ-KA / 아이보리 B타입,N,,,,rw_136_robotagent4,901868810,2.5F Robot arm,136_2M1_AB_RA_OG_04,ROBOT_PB,R.Arm2,1,
2025-03-21,Missing,3/17/25 13:13:43,ECH2,10286031452491,자동차용품,키홀더,54597374,키케이스501 DaysIN 키케이스 포드 호환 / 블랙 D,N,,,,rw_136_robotagent5,899596116,2.5F Autobag Nunit,2.5F_Autobag_robottmp 05,ROBOT_PB,R.Arm2,1,
2025-03-21,Missing,3/19/25 11:08:05,ECH2,10286189969414,반려/애완용품,미용용품/브러쉬,47998190,피버 반려동물 초미세 눈꼽빗 화이트 1개,N,,,,rw_136_robotagent2,901141047,2.5F Robot arm,136_2M1_AB_RA_OG_02,ROBOT_PB,R.Arm2,1,빈박스
2025-03-21,Missing,3/19/25 20:45:04,ECH2,10286210090096,뷰티,헤어 브러쉬,6003515,다슈 데일리 스칼프 스케링링 샴푸 브러쉬,N,,,,rw_136_robotagent3,901449175,2.5F Robot arm,136_2M1_AB_RA_OG_03,ROBOT_PB,R.Arm2,1,
2025-03-21,Missing,3/20/25 09:07:02,ECH2,10286250551942,뷰티,아이브로우,10095098,머지 더 퍼스트 브로우 펜슬 B2.PECAN BROWN 피칸 브라운 0.3 g 2개,N,,,,rw_136_robotagent2,901817924,2.5F Robot arm,136_2M1_AB_RA_OG_02,ROBOT_PB,R.Arm2,1,
2025-03-21,Missing,3/20/25 13:48:39,ECH2,10286269325636,자동차용품,키홀더,57316084,TPJ-KA / 아이보리 B타입,N,,,,rw_136_robotagent1,901952016,2.5F Robot arm,136_2M1_AB_RA_OG_01,ROBOT_PB,R.Arm2,1,빈 비닐 배송
2025-03-21,Missing,3/20/25 13:53:12,ECH2,10286269633916,뷰티,립케어,55831004,"에뛰드 진저슈가 립 밤 스틱 3.7g , 단일색상",N,,,,rw_136_robotagent2,901952261,2.5F Robot arm,136_2M1_AB_RA_OG_02,ROBOT_PB,R.Arm2,1,
2025-03-21,Missing,3/20/25 16:24:52,ECH2,10286269394240,식품,건강분말,44115736,푸른들판 33종 과일 야채 믹스 분말 / 1개 200g,N,,,,rw_136_robotagent6,902056235,2.5F Robot arm,136_2M1_AB_RA_OG_06,ROBOT_PB,R.Arm2,1,야채믹스분말 누락
2025-03-21,Missing,3/21/25 00:37:27,ECH2,10286298476871,패션잡화,벨트,50123195,마스마 밀리터리 군용 벨트  그린 120cm,N,,,,rw_136_robotagent5,902416641,2.5F Robot arm,136_2M1_AB_RA_OG_05,ROBOT_PB,R.Arm2,1,
2025-03-21,Missing,3/21/25 00:52:50,ECH2,10286302305580,생활용품,지압/마사지용품,49025235,Z_도자기괄사 / 1개 화이트,N,,,,rw_136_robotagent2,902438401,2.5F Robot arm,136_2M1_AB_RA_OG_02,ROBOT_PB,R.Arm2,1,
2025-03-21,Missing,3/21/25 01:16:35,ECH2,10286301636074,자동차용품,키홀더,57316084,TPJ-KA / 아이보리 B타입,N,,,,rw_136_robotagent5,902440594,2.5F Robot arm,136_2M1_AB_RA_OG_05,ROBOT_PB,R.Arm2,1,빈박스배송됨
2025-03-21,Missing,3/21/25 01:18:00,ECH2,10286286882174,자동차용품,키홀더,57316084,TPJ-KA / 아이보리 B타입,N,,,,rw_136_robotagent5,902440594,2.5F Robot arm,136_2M1_AB_RA_OG_05,ROBOT_PB,R.Arm2,1,빈박스배송
2025-03-21,Missing,3/21/25 01:49:46,ECH2,10286312860445,뷰티,헤어 브러쉬,6003515,다슈 데일리 스칼프 스케링링 샴푸 브러쉬,N,,,,rw_136_robotagent7,902478218,2.5F Robot arm,136_2M1_AB_RA_OG_07,ROBOT_PB,R.Arm2,1,빈박스
2025-03-21,Missing,3/21/25 03:42:39,ECH2,10286312911685,뷰티,속눈썹/눈썹 영양제,12448843,코스노리 롱 액티브 아이래쉬 세럼 속눈썹 영양제 9g,N,,,,rw_136_robotagent2,902545934,2.5F Robot arm,136_2M1_AB_RA_OG_02,ROBOT_PB,R.Arm2,1,빈 비닐 배송
2025-03-22,Missing,3/20/25 23:16:23,ECH2,10286292543822,패션잡화,라이터/담배케이스,57176374,[영화 콘스탄틴] 콘스탄틴 라이터 지포형 조로 zorro lighter / 101 콘스탄틴(실버),N,,,,rw_136_robotagent1,902287383,2.5F Robot arm,136_2M1_AB_RA_OG_01,ROBOT_PB,R.Arm2,1,
2025-03-22,Missing,3/21/25 14:42:35,ECH2,10286331608685,뷰티,립케어,14784912,멜릭서 비건 립 버터 레드벨벳,N,,,,rw_136_robotagent2,902729855,2.5F Robot arm,136_2M1_AB_RA_OG_02,ROBOT_PB,R.Arm2,1,
2025-03-22,Missing,3/21/25 14:43:30,ECH2,10286326409100,가전디지털,휴대폰케이스,52645959,EVOL 변색방지 아이폰 갤럭시 휴대폰 투명 케이스 3개입 / 아이폰 14프로,N,,,,rw_136_robotagent5,902758105,2.5F Robot arm,136_2M1_AB_RA_OG_05,ROBOT_PB,R.Arm2,1,
2025-03-22,Missing,3/21/25 19:38:29,ECH2,10286345891710,주방용품,기타조리기구,14478622,"풍년압력밥솥 가정용 영업용 풍년추 신호추 안전밸브 풍년부품 금장추 은장추 영업용추 베르투추, 은장추",N,,,,rw_136_robotagent2,902900463,2.5F Robot arm,136_2M1_AB_RA_OG_02,ROBOT_PB,R.Arm2,1,빈비닐 배송
2025-03-22,Missing,3/21/25 19:56:19,ECH2,10286353803202,자동차용품,키홀더,57316084,TPJ-KA / 아이보리 B타입,N,,,,rw_136_robotagent7,902912523,2.5F Robot arm,136_2M1_AB_RA_OG_07,ROBOT_PB,R.Arm2,1,또 빈박스로 배송됨 주장
2025-03-22,Missing,3/21/25 20:08:00,ECH2,10286351840590,가전디지털,기타음향액세서리,50424287,apin 무타공 접이식 책상가방걸이 실버 1개 BH-01,N,,,,rw_136_robotagent2,902917259,2.5F Robot arm,136_2M1_AB_RA_OG_02,ROBOT_PB,R.Arm2,1,
2025-03-22,Missing,3/21/25 21:54:15,ECH2,10286341982162,뷰티,자외선차단제,12467699,"록키스 베리 굿 선스틱 SPF50+ PA++++, 15g ,1개",N,,,,rw_136_robotagent1,903001436,2.5F Robot arm,136_2M1_AB_RA_OG_01,ROBOT_PB,R.Arm2,1,
2025-03-22,Missing,3/22/25 08:46:05,ECH2,10286389778324,생활용품,특수위생방한패션마스크,26113277,마스크 에어밸브(일초컷 마스크밸브 키트) / 1세트 블랙밸브 2입 세트 2매입,N,,,,rw_136_robotagent5,903298003,2.5F Robot arm,136_2M1_AB_RA_OG_05,ROBOT_PB,R.Arm2,1,
2025-03-22,Missing,3/22/25 14:41:27,ECH2,10286406725136,식품,기타향신료,47571491,"한결농장 진짜로 만든 바닐라빈익스트랙100ml,1개",N,,,,rw_136_robotagent1,903468507,2.5F Robot arm,136_2M1_AB_RA_OG_01,ROBOT_PB,R.Arm2,1,한결식품 진짜로만든 바닐라 익스트림