return_date,return_reason_group,shippedat,shipped_fc,invoicenumber,CATE2,cate5,skuseq,name,RTO_Flag,QAID,QA_Worker,ARC_Center,pack_workerid,batchjobid,locationname,stationname,actual_boxcategory,actual_boxname,unit,reasondetail,
2025-03-09,Wrong,3/4/25 02:42:16,ECH2,10285062298932,뷰티,클렌징폼/젤/파우더,33145102,센카 퍼펙트 휩 콜라겐 인 120g,N,,,,rw_136_robotagent7,889127787,2.5F Autobag Nunit,2.5F_Autobag_robottmp 07,ROBOT_PB,R.Arm2,1,"상품을 못찾겠어요
갖고가지 않았는데 아무리 찾아도 없습니다.",
2025-03-09,Wrong,3/6/25 19:41:10,ECH2,10285266184793,뷰티,립스틱,42881795,원나잇 립스틱 2종 세트 / 1개 2종특가(2호+4호),N,,,,rw_136_robotagent5,891264862,2.5F Autobag Nunit,2.5F_Autobag_robottmp 05,ROBOT_PB,R.Arm2,1,2호4호  시켰는데 4호 5호가 왔네요,
2025-03-09,Wrong,3/7/25 03:04:45,ECH2,10285296860075,생활용품,샤워기필터,10067354,코멧홈 샤워기 필터 (3입),N,,,,rw_136_robotagent3,891639569,2.5F Autobag Nunit,2.5F_Autobag_robottmp 03,ROBOT_PB,R.Arm2,1,잘못샀어요 다른필터네요,
2025-03-09,Wrong,3/7/25 20:21:37,ECH2,10285332423413,가전디지털,기타음향액세서리,30318007,에어팟 프로2 투명 TPU케이스,N,,,,rw_136_robotagent7,892079628,2.5F Autobag Nunit,2.5F_Autobag_robottmp 07,ROBOT_PB,R.Arm2,1,디자인이 완전 다르고 고리도 없음,
2025-03-09,Wrong,3/8/25 03:14:57,ECH2,10285327485296,생활용품,수공구,52688266,모모이츠 수동 스틱 강화코팅 정밀 드라이버 24p 세트 / 1세트,N,,,,rw_136_robotagent1,892383503,2.5F Autobag Nunit,2.5F_Autobag_robottmp 01,ROBOT_PB,R.Arm2,1,찢어진 봉투에 귀걸이가 들어 있음.,
2025-03-09,Wrong,3/8/25 23:54:46,ECH2,10285429286985,문구/사무용품,기타 만들기세트/재료,50385742,마다꾸미 비즈 공예 DIY 만들기 재료 우레탄줄 0.5mm 투명 1개,N,,,,rw_136_robotagent1,892957063,2.5F Autobag Nunit,2.5F_Autobag_robottmp 01,ROBOT_PB,R.Arm2,1,철사 와이어가 배송됨,
2025-03-10,Wrong,3/7/25 15:02:02,ECH2,10285328232734,주방용품,기타수납/정리용품,50305803,어느새만물점 조리도구 냄비뚜껑 거치대 받침대 실리콘 / 1개 (깔끔한) 화이트,N,,,,rw_136_robotagent7,891882924,2.5F Autobag Nunit,2.5F_Autobag_robottmp 07,ROBOT_PB,R.Arm2,1,실리콘제품이 아니네요,
2025-03-10,Wrong,3/7/25 23:52:21,ECH2,10285355580124,뷰티,립케어,11352582,더페이스샵 닥터벨머 시카터치 컬러 립밤 코랄 5.5g,N,,,,rw_136_robotagent5,892241602,2.5F Autobag Nunit,2.5F_Autobag_robottmp 05,ROBOT_PB,R.Arm2,1,색상이잘못왔어요,
2025-03-10,Wrong,3/8/25 08:27:29,ECH2,10285369436171,출산/유아,이유식스푼/포크,49364285,릴리브 빨아먹는 이유식 자기주도스푼 유아수저세트 / 1세트 [옵션1] 허니+핑크,N,,,,rw_136_robotagent7,892406229,2.5F Autobag Nunit,2.5F_Autobag_robottmp 07,ROBOT_PB,R.Arm2,1,"제가 주문한적이 없는 물건이 배송되었네요.
페이도 제거로 결제 되었던데요.반품하고 환불부탁드립니다.",
2025-03-10,Wrong,3/8/25 20:24:56,ECH2,10285392256720,가전디지털,기타음향액세서리,46582481,명품쿠션 에어팟케이스 / 화이트 에어팟1/2세대,N,,,,rw_136_robotagent3,892802998,2.5F Autobag Nunit,2.5F_Autobag_robottmp 03,ROBOT_PB,R.Arm2,1,옆으로된거시키는데 다른기종이와여,
2025-03-10,Wrong,3/9/25 02:34:49,ECH2,10285413480893,가전디지털,터치펜/액세서리,52800919,IT 펜슬형 정전식 스마트폰 태블릿 터치펜 5가지 1Set / 1세트 혼합색상,N,,,,rw_136_robotagent2,893110313,2.5F Autobag Nunit,2.5F_Autobag_robottmp 02,ROBOT_PB,R.Arm2,1,필모어 문틈 틈새 창문 현관문 문풍지 4컬러 1개 브라운10m,
2025-03-10,Wrong,3/9/25 15:35:50,ECH2,10285465005270,스포츠/레저용품,골프거리측정기/GPS,51123006,내일은버디 거리측정기 케이스 / 블랙 XXS-세로형-클립형,N,,,,rw_136_robotagent4,893372696,2.5F Autobag Nunit,2.5F_Autobag_robottmp 04,ROBOT_PB,R.Arm2,1,다른제품 이 온거 같네요,
2025-03-10,Wrong,3/9/25 20:54:19,ECH2,10285487325890,문구/사무용품,기타 만들기세트/재료,50385742,마다꾸미 비즈 공예 DIY 만들기 재료 우레탄줄 0.5mm 투명 1개,N,,,,rw_136_robotagent1,893572426,2.5F Autobag Nunit,2.5F_Autobag_robottmp 01,ROBOT_PB,R.Arm2,1,투명 우레탄줄이아닌 철사가 배송됌,
2025-03-11,Wrong,3/7/25 01:07:33,ECH2,10285265997565,생활용품,접착제/테이프,15306296,"덕테이프 오리지널 강력접착 덕트테이프 48mm x 9m (10yd), 그레이",N,,,,rw_136_robotagent1,891572469,2.5F Autobag Nunit,2.5F_Autobag_robottmp 01,ROBOT_PB,R.Arm2,1,"다른 동으로 배송간 것 같아요...
저기는 옆 건물 가동 702호 입니다ㅠㅠ",
2025-03-11,Wrong,3/9/25 02:48:47,ECH2,10285412750955,가전디지털,휴대폰보호필름,38940767,"구스페리 빛번짐 차단 블랙써클 카메라 렌즈 풀커버 강화유리 보호필름,아이폰15/아이폰15플러스,2개",N,,,,rw_136_robotagent5,893094462,2.5F Autobag Nunit,2.5F_Autobag_robottmp 05,ROBOT_PB,R.Arm2,1,아이폰15프로 카메라케이스가 아님..,
2025-03-11,Wrong,3/9/25 20:23:28,ECH2,10285472724505,뷰티,젤네일/젤폴리쉬,3066987,유키 컬러젤 137호 누드화이트,N,,,,rw_136_robotagent2,893539969,2.5F Autobag Nunit,2.5F_Autobag_robottmp 02,ROBOT_PB,R.Arm2,1,트라발로 향수공병스프레이가 왔네요,
2025-03-11,Wrong,3/9/25 23:34:07,ECH2,10285489269020,생활용품,기타욕실/화장실용품,52469929,yullshop 변기 커버 손잡이 클립 / 화이트 변기뚜껑 부착형 7.5cm,N,,,,rw_136_robotagent7,893670016,2.5F Autobag Nunit,2.5F_Autobag_robottmp 07,ROBOT_PB,R.Arm2,1,잘못 선택해서 다시 재 주문함.,
2025-03-11,Wrong,3/10/25 14:10:16,ECH2,10285538383890,문구/사무용품,줄자,27260483,"므라반 미니 줄자 150cm, 민트",N,,,,rw_136_robotagent3,894142257,2.5F Autobag Nunit,2.5F_Autobag_robottmp 03,ROBOT_PB,R.Arm2,1,줄자를 시켰는데 hdmi 케이블이 배송됨,
2025-03-11,Wrong,3/10/25 14:20:54,ECH2,10285532548303,뷰티,립케어,41016399,카멕스 모이스처라이징 체리스틱 립밤 4.25g 3개입 체리향,N,,,,rw_136_robotagent3,894156919,2.5F Autobag Nunit,2.5F_Autobag_robottmp 03,ROBOT_PB,R.Arm2,1,12.75g을 주문했는데 4.25g이 배송됨,
2025-03-11,Wrong,3/10/25 23:35:27,ECH2,10285580556716,뷰티,자외선차단제,55610271,에뛰드 기획세트 순정 디렉터 수분 선크림 (50ml 본품+20ml 견본),N,,,,rw_136_robotagent5,894565808,2.5F Autobag Nunit,2.5F_Autobag_robottmp 05,ROBOT_PB,R.Arm2,1,"아 진짜 너무 하지 않나요?
왜 자꾸 다른 걸 갖다주냐구요",
2025-03-11,Wrong,3/11/25 09:02:27,ECH2,10285600388556,뷰티,헤어메이크업,2253864,더페이스샵 퀵 헤어 퍼프 02 다크브라운7g,N,,,,rw_136_robotagent7,894816991,2.5F Autobag Nunit,2.5F_Autobag_robottmp 07,ROBOT_PB,R.Arm2,1,다른 물품이 왔음  사진참고,
2025-03-12,Wrong,3/2/25 14:04:40,ECH2,10284912831045,식품,다이어트식품,2156794,그린몬스터 다이어트 스폐셜1 포스콜리500 800mg*28정,N,,,,rw_136_robotagent1,887495466,2.5F Autobag Nunit,2.5F_Autobag_robottmp 01,ROBOT_PB,R.Arm2,1,,
2025-03-12,Wrong,3/9/25 22:00:30,ECH2,10285471812685,뷰티,패드,11717895,닥터에이지 시카 진정패드 60매 + 60매,N,,,,rw_136_robotagent4,893656190,2.5F Autobag Nunit,2.5F_Autobag_robottmp 04,ROBOT_PB,R.Arm2,1,다른 제품으로 구입 예정,
2025-03-12,Wrong,3/10/25 13:22:49,ECH2,10285528778280,가전디지털,충전기,17831771,"스카이 필 C3 18W 3포트 USB 어댑터 멀티 충전기, 화이트, 1개",N,,,,rw_136_robotagent5,894121688,2.5F Autobag Nunit,2.5F_Autobag_robottmp 05,ROBOT_PB,R.Arm2,1,다른게왔어요,
2025-03-12,Wrong,3/11/25 02:10:45,ECH2,10285580051633,생활용품,섬유향수,41379606,인센스테일러 드레스퍼퓸 / 1개 블랙포멀 135ml,N,,,,rw_136_robotagent7,894721111,2.5F Autobag Nunit,2.5F_Autobag_robottmp 07,ROBOT_PB,R.Arm2,1,다른제품이와서요,
2025-03-12,Wrong,3/11/25 08:27:11,ECH2,10285595501086,식품,다이어트식품,42912056,니아르 복숭아맛  / 1박스 28정,N,,,,rw_136_robotagent3,894769874,2.5F Autobag Nunit,2.5F_Autobag_robottmp 03,ROBOT_PB,R.Arm2,1,붓기약 으로 보고 샀는데 ㅜㅠ잘못본 건지 잘못샀어요,
2025-03-12,Wrong,3/11/25 16:03:20,ECH2,10285624539595,뷰티,립케어,20818531,"폴메디슨 비비드 퍼스널컬러 립글로우 틴트 스틱 입술보호제 핑크, 3g, 1개",N,,,,rw_136_robotagent5,895065868,2.5F Autobag Nunit,2.5F_Autobag_robottmp 05,ROBOT_PB,R.Arm2,1,립밤을 시켰는데 왠 프라스틱 못이 욌는데 참 어이가 없네요,
2025-03-13,Wrong,3/7/25 01:06:43,ECH2,10285282579596,가구/홈인테리어,수선부자재,48742462,바이트 열쇠고리 키링 이중오링 / 50개 은색 30x2mm,N,,,,rw_136_robotagent5,891547053,2.5F Autobag Nunit,2.5F_Autobag_robottmp 05,ROBOT_PB,R.Arm2,1,사진처럼 이중으로 된 링 고리가 와야하는데 일중으로된 열리는 고리가 왔습니다. 사진과 다른 상품이 왔습니다,
2025-03-13,Wrong,3/9/25 10:33:05,ECH2,10285449433733,가전디지털,충전기,11597726,더블디 아이폰 고속충전 케이블 1m 3개,N,,,,rw_136_robotagent2,893237768,2.5F Autobag Nunit,2.5F_Autobag_robottmp 02,ROBOT_PB,R.Arm2,1,한개가 잘못들어있어요. C타입,
2025-03-13,Wrong,3/10/25 01:17:37,ECH2,10285511596415,생활용품,기타욕실/화장실용품,40754067,리빙공감 초간편 후크형 샤워홀더 샤워기 거치대 / 실버 1개,N,,,,rw_136_robotagent6,893824450,2.5F Autobag Nunit,2.5F_Autobag_robottmp 06,ROBOT_PB,R.Arm2,1,전혀다른물건이왔어요,
2025-03-13,Wrong,3/11/25 16:37:23,ECH2,10285625734823,가전디지털,이어폰,14292201,아이리버 BHC-180 커널형 이어셋 블랙,N,,,,rw_136_robotagent7,895083477,2.5F Autobag Nunit,2.5F_Autobag_robottmp 07,ROBOT_PB,R.Arm2,1,C타입으로 배송됨,
2025-03-13,Wrong,3/11/25 23:18:57,ECH2,10285646930845,가전디지털,기타음향액세서리,55581330,셀렉투유 에어팟4 카세트 케이스 블랙 1개 단일상품,N,,,,rw_136_robotagent5,895311119,2.5F Autobag Nunit,2.5F_Autobag_robottmp 05,ROBOT_PB,R.Arm2,1,“제가 다른 상품을 주문했네요.”,
2025-03-13,Wrong,3/12/25 00:56:27,ECH2,10285657165243,가전디지털,이어폰,42755822,아이리버 ISE-30C / 화이트 ISE-30C,N,,,,rw_136_robotagent7,895480933,2.5F Autobag Nunit,2.5F_Autobag_robottmp 07,ROBOT_PB,R.Arm2,1,상품이 잘못왔네요,
2025-03-13,Wrong,3/12/25 02:16:34,ECH2,10285670634816,생활용품,기타가정용품,40341225,[팅벨] 여성 호신용품 호신용 전자 호루라기 호각 휘슬 스마트 / 화이트 1개,N,,,,rw_136_robotagent6,895546661,2.5F Autobag Nunit,2.5F_Autobag_robottmp 06,ROBOT_PB,R.Arm2,1,색상다름,
2025-03-13,Wrong,3/12/25 13:53:20,ECH2,10285695385700,뷰티,자외선차단제,55610271,에뛰드 기획세트 순정 디렉터 수분 선크림 (50ml 본품+20ml 견본),N,,,,rw_136_robotagent7,895781402,2.5F Autobag Nunit,2.5F_Autobag_robottmp 07,ROBOT_PB,R.Arm2,1,물건좀 제대로 보내주세요~!!!!,
2025-03-13,Wrong,3/12/25 14:50:48,ECH2,10285697432356,식품,콜라겐/히알루론산,22228433,뉴트리디데이 시그니처 콜라겐 비오틴 60정 x 1병 48g,N,,,,rw_136_robotagent2,895818288,2.5F Autobag Nunit,2.5F_Autobag_robottmp 02,ROBOT_PB,R.Arm2,1,마녀공장 파데프리 썬크림,
2025-03-13,Wrong,3/12/25 15:28:47,ECH2,10285698771784,반려/애완용품,사료/간식/영양제,43418534,그로비타 소동물 프리미엄 종합 과일 74g 1개,N,,,,rw_136_robotagent1,895836878,2.5F Autobag Nunit,2.5F_Autobag_robottmp 01,ROBOT_PB,R.Arm2,1,전혀다른 물품이 배송됨,
2025-03-13,Wrong,3/12/25 20:35:05,ECH2,10285711831931,주방용품,기타주방잡화,49400337,ASSARE 귀여운 실리콘 빨대뚜껑 스트로우 캡 마개 스토퍼 먼지차단 커버 5번 토끼 2개,N,,,,rw_136_robotagent7,896033056,2.5F Autobag Nunit,2.5F_Autobag_robottmp 07,ROBOT_PB,R.Arm2,1,빨대 커버를 주문했는데 수세미가 왔어용,
2025-03-13,Wrong,3/13/25 00:03:58,ECH2,10285734368313,뷰티,자외선차단제,55610271,에뛰드 기획세트 순정 디렉터 수분 선크림 (50ml 본품+20ml 견본),N,,,,rw_136_robotagent3,896212133,2.5F Autobag Nunit,2.5F_Autobag_robottmp 03,ROBOT_PB,R.Arm2,1,제가 주문한건 기획상품이 아닌데 기획상품이 왔음,
2025-03-14,Wrong,3/11/25 23:20:01,ECH2,10285644353563,주방용품,기타커피용품,28532231,칼딘 커스텀 침칠봉 블랙,N,,,,rw_136_robotagent3,895307953,2.5F Autobag Nunit,2.5F_Autobag_robottmp 03,ROBOT_PB,R.Arm2,1,프로바이오틱스,
2025-03-14,Wrong,3/12/25 01:13:33,ECH2,10285669143783,생활용품,전자담배(19),43228448,펠릭스 510 드립팁  / 4개 혼합,N,,,,rw_136_robotagent4,895495605,2.5F Autobag Nunit,2.5F_Autobag_robottmp 04,ROBOT_PB,R.Arm2,1,탈모제품이 배송되었습니다.,
2025-03-14,Wrong,3/12/25 14:55:18,ECH2,10285695869260,식품,과일음료,142972,솔리몬 스퀴즈드 레몬 280ml,N,,,,rw_136_robotagent2,895823497,2.5F Autobag Nunit,2.5F_Autobag_robottmp 02,ROBOT_PB,R.Arm2,1,어제 아무리 찾아봐도 레몬즙이 안왔는데 완료되었다해서 이상했거든요. 근데 어제 파스타면 왔는데 오늘 또왔어요..,
2025-03-14,Wrong,3/12/25 19:37:55,ECH2,10285698916986,가전디지털,휴대폰케이스,42776786,HS&D 아이폰 갤럭시 알록달록 케이스 휴대폰 / 갤럭시S20플러스 B타입,N,,,,rw_136_robotagent2,895979738,2.5F Autobag Nunit,2.5F_Autobag_robottmp 02,ROBOT_PB,R.Arm2,1,"포장지엔s20플러스라고 되어있는데
실제로 s20플러스폰이랑 사이즈가 맞지않아요",
2025-03-14,Wrong,3/12/25 22:08:21,ECH2,10285723702936,뷰티,립스틱,42881795,원나잇 립스틱 2종 세트 / 1개 2종특가(2호+4호),N,,,,rw_136_robotagent2,896118393,2.5F Autobag Nunit,2.5F_Autobag_robottmp 02,ROBOT_PB,R.Arm2,1,색상오류,
2025-03-14,Wrong,3/13/25 01:27:51,ECH2,10285744315906,주방용품,죽통/푸드자,53402583,모멘 미니 이유식 보온병 304스테인리스 보온보냉 푸드자 / 1개 아이보리 220ml,N,,,,rw_136_robotagent3,896304130,2.5F Autobag Nunit,2.5F_Autobag_robottmp 03,ROBOT_PB,R.Arm2,1,크기도틀리고색갈도틀려요,
2025-03-14,Wrong,3/13/25 13:43:43,ECH2,10285753829680,뷰티,립스틱,42881795,원나잇 립스틱 2종 세트 / 1개 2종특가(2호+4호),N,,,,rw_136_robotagent7,896558914,2.5F Autobag Nunit,2.5F_Autobag_robottmp 07,ROBOT_PB,R.Arm2,1,2호 4호 쎗트 신청했는데 2호 5호로 잘못왔슴,
2025-03-14,Wrong,3/13/25 15:20:23,ECH2,10285774539611,가구/홈인테리어,단추,38475889,허리 조절 줄임 단추 / 실버,N,,,,rw_136_robotagent5,896617176,2.5F Autobag Nunit,2.5F_Autobag_robottmp 05,ROBOT_PB,R.Arm2,1,"4개1세트라면서 1개만왔습니다
3개 더 보내주세요
품절이라면  반품 하겠습니다",
2025-03-14,Wrong,3/13/25 21:27:30,ECH2,10285796972636,식품,참치/연어 통조림,8418455,리오마레 인살라티씨메 참치 샐러드 옥수수 160g x 1개입,N,,,,rw_136_robotagent3,896853994,2.5F Autobag Nunit,2.5F_Autobag_robottmp 03,ROBOT_PB,R.Arm2,1,껍데기만 있는데요..???안에 참치가 없어요,
2025-03-14,Wrong,3/14/25 03:29:33,ECH2,10285811365572,패션잡화,귀걸이,30196840,리얼99 큐빅후프 원터치 큐빅링 실버귀걸이 오닉스 귀걸이 / 5cm오닉스,N,,,,rw_136_robotagent1,897160010,2.5F Autobag Nunit,2.5F_Autobag_robottmp 01,ROBOT_PB,R.Arm2,1,크리스탈이 옴,
2025-03-15,Wrong,3/12/25 02:08:26,ECH2,10285657099266,문구/사무용품,기타 만들기세트/재료,47518804,비즈앤 탄성 우레탄 줄 0.5 0.7 1.0 / 3개,N,,,,rw_136_robotagent4,895534796,2.5F Autobag Nunit,2.5F_Autobag_robottmp 04,ROBOT_PB,R.Arm2,1,쿨멜팅마그네슘,
2025-03-15,Wrong,3/13/25 00:30:08,ECH2,10285735177266,가전디지털,전기손난로/발난로,54175028,썬더 스마트 핸드워머 충전식 손난로 보조배터리 10000mAh / 화이트,N,,,,rw_136_robotagent7,896248894,2.5F Autobag Nunit,2.5F_Autobag_robottmp 07,ROBOT_PB,R.Arm2,1,화이트 주문했는데 블랙이 왔습니다,
2025-03-15,Wrong,3/13/25 08:30:57,ECH2,10285752524935,패션잡화,머리핀/머리끈,56653624,[3컬러] 1+1 뿌리볼륨 머리핀 볼륨핀 앞머리뽕 헤어볼륨클립 / 볼륨 핑크(3핀+6핀),N,,,,rw_136_robotagent6,896414486,2.5F Autobag Nunit,2.5F_Autobag_robottmp 06,ROBOT_PB,R.Arm2,1,매직 검정/파랑3개 1세트,
2025-03-15,Wrong,3/13/25 11:16:53,ECH2,10285757013755,가전디지털,마이크,32080063,마타스튜디오 스마트폰 아이폰 무선 핀마이크 2.4G / 와이어리스1 싱글 라이트닝,N,,,,rw_136_robotagent2,896508768,2.5F Autobag Nunit,2.5F_Autobag_robottmp 02,ROBOT_PB,R.Arm2,1,안드로이드 C타입 수신기로 변경 되어야함.,
2025-03-15,Wrong,3/13/25 23:26:01,ECH2,10285803682991,자동차용품,스폰지,131084,소낙스 왁싱스펀지,N,,,,rw_136_robotagent2,896960622,2.5F Autobag Nunit,2.5F_Autobag_robottmp 02,ROBOT_PB,R.Arm2,1,세차 스펀지가 안오고 다른게 옴,
2025-03-15,Wrong,3/14/25 13:29:35,ECH2,10285835752485,생활용품,전기배선기구,14187806,제일일렉트릭 디아트 화이트 스위치 단로2구,N,,,,rw_136_robotagent5,897328304,2.5F Autobag Nunit,2.5F_Autobag_robottmp 05,ROBOT_PB,R.Arm2,1,"3로2구 주문했는디
단로2구가 왔네요
월요일에 설치해야하는데",
2025-03-15,Wrong,3/14/25 19:40:51,ECH2,10285827580243,생활용품,기타금연/흡연용품,40842163,휴대용 담배 홀더 일체형 담배 파이프 차내흡연 재떨이 / 1개 골드 우드,N,,,,rw_136_robotagent5,897513037,2.5F Autobag Nunit,2.5F_Autobag_robottmp 05,ROBOT_PB,R.Arm2,1,주문한제품은 온데간데없고 머리핀 한쌍만 덩그러니 있는데 이거뭡니까. .,
2025-03-15,Wrong,3/14/25 19:50:08,ECH2,10285859053864,식품,과일음료,142972,솔리몬 스퀴즈드 레몬 280ml,N,,,,rw_136_robotagent4,897525900,2.5F Autobag Nunit,2.5F_Autobag_robottmp 04,ROBOT_PB,R.Arm2,1,다른 상품이 배송됨,
2025-03-15,Wrong,3/14/25 21:03:34,ECH2,10285856573005,완구/취미,캐릭터/수집카드,56874559,당일발송 아이브 포카 30장 스위치 앨범 포토카드 세트 / 30장 B세트,N,,,,rw_136_robotagent6,897572121,2.5F Autobag Nunit,2.5F_Autobag_robottmp 06,ROBOT_PB,R.Arm2,1,속눈썹이 옴,
2025-03-15,Wrong,3/14/25 23:14:09,ECH2,10285836014716,주방용품,주방세척솔/세트,51349245,마나 항균 주방 세척 브러쉬 솔 일본산 / 1개,N,,,,rw_136_robotagent3,897646656,2.5F Autobag Nunit,2.5F_Autobag_robottmp 03,ROBOT_PB,R.Arm2,1,"아마도 제가 반품신청한 제품 대신 다른 제품이 배송된 것으로 판단됩니다.
배송상품이많아서 다 개봉해버려서 그부분 참고 부탁드립니다.",
2025-03-15,Wrong,3/15/25 02:36:05,ECH2,10285868692396,뷰티,립케어,39258647,멘소래담 워터컬러 립밤 3g 1개 차밍레드,N,,,,rw_136_robotagent7,897845877,2.5F Autobag Nunit,2.5F_Autobag_robottmp 07,ROBOT_PB,R.Arm2,1,컨버터,
2025-03-16,Wrong,3/14/25 13:24:17,ECH2,10285834784455,패션잡화,머리띠,27373944,바나나랜드 국산 남녀공용 조이지 않아 편한 면 CR무지헤어밴드(블랙),N,,,,rw_136_robotagent3,897328542,2.5F Autobag Nunit,2.5F_Autobag_robottmp 03,ROBOT_PB,R.Arm2,1,핸드폰 충전 케이블 배송,
2025-03-16,Wrong,3/15/25 02:05:17,ECH2,10285849427571,뷰티,립케어,21123746,"멘소래담 립아이스 KKKIM 레몬 립밤, 2개 레몬향",N,,,,rw_136_robotagent3,897833722,2.5F Autobag Nunit,2.5F_Autobag_robottmp 03,ROBOT_PB,R.Arm2,1,다른상품배송,
2025-03-16,Wrong,3/15/25 11:16:57,ECH2,10285885027633,생활용품,전자담배(19),38355916,유웰 발라리안 0.8옴 코일 1팩(4개입),N,,,,rw_136_robotagent7,897977899,2.5F Autobag Nunit,2.5F_Autobag_robottmp 07,ROBOT_PB,R.Arm2,1,"발라리안 코일을 주문했는데
발라리안 “맥스” 코일이 왔음.",
2025-03-16,Wrong,3/15/25 16:40:04,ECH2,10285890717550,패션잡화,기타쥬얼리,50623359,리빙키 [E타입] 와펜 패치 20종 세트 / [E타입] 와펜20종세트,N,,,,rw_136_robotagent7,898128042,2.5F Autobag Nunit,2.5F_Autobag_robottmp 07,ROBOT_PB,R.Arm2,1,주문한 상품이  아니 다른 상품이 왔어요,
2025-03-16,Wrong,3/15/25 19:06:02,ECH2,10285913800131,생활용품,청소용브러쉬,41696139,바이트 면도기 청소 미니 브러쉬 / 5개 블랙 6.2x1.1cm,N,,,,rw_136_robotagent6,898136847,2.5F Autobag Nunit,2.5F_Autobag_robottmp 06,ROBOT_PB,R.Arm2,1,자물쇠가 배송됨,
2025-03-16,Wrong,3/16/25 13:29:16,ECH2,10285966764732,뷰티,블러셔/하이라이터/섀딩,39614752,재창조 메이커 #웜 쉐딩 1g,N,,,,rw_136_robotagent5,898774404,2.5F Autobag Nunit,2.5F_Autobag_robottmp 05,ROBOT_PB,R.Arm2,1,다른 상품배송,
2025-03-17,Wrong,3/11/25 14:21:08,ECH2,10285618387940,뷰티,립스틱,50116429,에뛰드 컬러 래스팅 글로우 스틱 04 핑크 위시 3.2g,N,,,,rw_136_robotagent6,894999542,2.5F Autobag Nunit,2.5F_Autobag_robottmp 06,ROBOT_PB,R.Arm2,1,"에뛰드 글로스시켰는데
에뛰드 틴트가 배송됐어요.",
2025-03-17,Wrong,3/15/25 16:05:41,ECH2,10285909922536,뷰티,쿠션,45053800,(TA) 서울 에스테틱 쿠션 / 1개 서울 에스테틱 쿠션 22호,N,,,,rw_136_robotagent7,898106320,2.5F Autobag Nunit,2.5F_Autobag_robottmp 07,ROBOT_PB,R.Arm2,1,21호 신청했는데 22호옴,
2025-03-17,Wrong,3/15/25 20:25:25,ECH2,10285910748341,뷰티,립스틱,42881795,원나잇 립스틱 2종 세트 / 1개 2종특가(2호+4호),N,,,,rw_136_robotagent4,898251905,2.5F Autobag Nunit,2.5F_Autobag_robottmp 04,ROBOT_PB,R.Arm2,1,"반품 전에도 했는데 또 제대로 배송 안오고 다른걸로 왓는데 제대로 확인하고 보내세요 2,4호 와야하는데 4,5호 오고 장난 하는것도 아니고 제대로 확인하고 보내세요",
2025-03-17,Wrong,3/16/25 19:20:06,ECH2,10285986788066,패션잡화,기타쥬얼리,50623359,리빙키 [E타입] 와펜 패치 20종 세트 / [E타입] 와펜20종세트,N,,,,rw_136_robotagent4,898974075,2.5F Autobag Nunit,2.5F_Autobag_robottmp 04,ROBOT_PB,R.Arm2,1,"제가 필요한  상품이(주문한것)  아닌 다른게  또 굫한되어 왔어요

제가 주문한것과  배송된  상품 사진 올리테니  잘 보고  다시 보내주세요

파란색으로  체크한 것이 필요해서 주문한겁니다",
2025-03-17,Wrong,3/16/25 23:53:27,ECH2,10286014306131,뷰티,립스틱,42881795,원나잇 립스틱 2종 세트 / 1개 2종특가(2호+4호),N,,,,rw_136_robotagent2,899209411,2.5F Autobag Nunit,2.5F_Autobag_robottmp 02,ROBOT_PB,R.Arm2,1,"2호 4호세트 주문했는데 2호가 안오고 다른게 왔어요
2호 사려고 주문한건데…",
2025-03-17,Wrong,3/17/25 09:17:49,ECH2,10286032131340,가구/홈인테리어,종자류,47362947,[주주씨앗] 세계 버터헤드 3종세트 / 단일상품,N,,,,rw_136_robotagent2,899470246,2.5F Autobag Nunit,2.5F_Autobag_robottmp 02,ROBOT_PB,R.Arm2,1,"상추 씨앗 3봉은 정상적으로 잘 왔습니다.
그런데 주문하지도 않은 전자부품( KLKOM SSD 듀얼 가이드 키트 )가 함께 배송이 되었습니다.",
2025-03-18,Wrong,3/7/25 02:08:38,ECH2,10285287536952,스포츠/레저용품,골프공,51590553,다이아윙스 고반발 비거리 전용 장타 골프공 M2 핑크(유광) 1세트 6구,N,,,,rw_136_robotagent7,891571547,2.5F Autobag Nunit,2.5F_Autobag_robottmp 07,ROBOT_PB,R.Arm2,1,"배송이 안왔는데
완료로 뜸",
2025-03-18,Wrong,3/13/25 20:59:11,ECH2,10285774689993,가전디지털,생활가전 액세서리,44453691,스마트 도어락 호환 카드키 부착형 스티커키 / 5개입 블랙,N,,,,rw_136_robotagent5,896837083,2.5F Autobag Nunit,2.5F_Autobag_robottmp 05,ROBOT_PB,R.Arm2,1,배송이 오지않았는데 배송완료로 뜸니다,
2025-03-18,Wrong,3/16/25 08:26:22,ECH2,10285951613361,뷰티,인조손톱/네일팁,39644426,잇템샵 그로스 3차 네일팁_ / 2개 06화이트큐빅 A,N,,,,rw_136_robotagent4,898593266,2.5F Autobag Nunit,2.5F_Autobag_robottmp 04,ROBOT_PB,R.Arm2,1,사진과 디자인이 달라요,
2025-03-18,Wrong,3/16/25 14:06:42,ECH2,10285964506716,가전디지털,기타음향액세서리,48469037,"구스페리 갤럭시 버즈2 프로 호환 실리콘 이어팁 6p,S+M+L,블랙",N,,,,rw_136_robotagent5,898797775,2.5F Autobag Nunit,2.5F_Autobag_robottmp 05,ROBOT_PB,R.Arm2,1,버즈2실리콘,
2025-03-18,Wrong,3/17/25 01:50:45,ECH2,10285981185480,주방용품,쿠킹타이머,22218718,무아스 육각타이머 2세대 옐로우,N,,,,rw_136_robotagent4,899356929,2.5F Autobag Nunit,2.5F_Autobag_robottmp 04,ROBOT_PB,R.Arm2,1,다른 상품이 배송되었습니다.,
2025-03-18,Wrong,3/17/25 10:08:49,ECH2,10286031438616,뷰티,틴트/립글로스,42743085,"물다 타투 픽싱 립 워터 틴트, 3 g, WC 03 베리에이드",N,,,,rw_136_robotagent5,899517574,2.5F Autobag Nunit,2.5F_Autobag_robottmp 05,ROBOT_PB,R.Arm2,1,다른색깔로배송됨,
2025-03-18,Wrong,3/17/25 21:31:53,ECH2,10286079943915,가전디지털,기타음향액세서리,54947911,리브이즈 범퍼 에어팟케이스 / 블랙 에어팟4세대,N,,,,rw_136_robotagent1,899914232,2.5F Autobag Nunit,2.5F_Autobag_robottmp 01,ROBOT_PB,R.Arm2,1,제목에 에어팟프로만보고 시켰는데 에어팟 4세대인줄은 몰랐어요.. 변경 가능할까요?,
2025-03-18,Wrong,3/18/25 01:45:24,ECH2,10286092470172,뷰티,메이크업베이스,41312558,뷰디아니 메쉬 타이트 업 쿠션 12g / 1개 [본품] 내추럴데일리 1호,N,,,,rw_136_robotagent3,900173505,2.5F Autobag Nunit,2.5F_Autobag_robottmp 03,ROBOT_PB,R.Arm2,1,2호를 시켰는데 1호가 왔네요...,
2025-03-18,Wrong,3/18/25 08:44:06,ECH2,10286106708990,주방용품,수세미,51753832,코멧 매일쓰는 무지개 버블 수세미 8p,N,,,,rw_136_robotagent3,900264070,2.5F Autobag Nunit,2.5F_Autobag_robottmp 03,ROBOT_PB,R.Arm2,1,충전핸드폰거치대,
2025-03-19,Wrong,3/7/25 09:57:24,ECH2,10285312554790,가전디지털,휴대폰액세서리,22638358,명화폰스트랩 별이 빛나는 밤에 2개,N,,,,rw_136_robotagent2,891733883,2.5F Autobag Nunit,2.5F_Autobag_robottmp 02,ROBOT_PB,R.Arm2,1,티파우치가열린상태로 배송되었음,
2025-03-19,Wrong,3/11/25 01:37:56,ECH2,10285592417962,생활용품,충전기,41597747,건전지 변환 AAA to AA 홀더 / 4개,N,,,,rw_136_robotagent3,894695798,2.5F Autobag Nunit,2.5F_Autobag_robottmp 03,ROBOT_PB,R.Arm2,1,다른상품,
2025-03-19,Wrong,3/12/25 16:30:27,ECH2,10285686604314,뷰티,젤/크림,22212099,라비엘 아세로라 잡티 & 기미 케어크림,N,,,,rw_136_robotagent5,895884742,2.5F Autobag Nunit,2.5F_Autobag_robottmp 05,ROBOT_PB,R.Arm2,1,생강분말,
2025-03-19,Wrong,3/18/25 08:53:12,ECH2,10286097834541,생활용품,치약,42263065,"[민티드] 프리미엄 고체치약 리필형 90정 (1.5개월분), 1개, 63g / 1개 63g",N,,,,rw_136_robotagent2,900270610,2.5F Autobag Nunit,2.5F_Autobag_robottmp 02,ROBOT_PB,R.Arm2,1,잘못 왔어요.,
2025-03-19,Wrong,3/18/25 15:06:01,ECH2,10286126800106,문구/사무용품,기타 만들기세트/재료,47518804,비즈앤 탄성 우레탄 줄 0.5 0.7 1.0 / 3개,N,,,,rw_136_robotagent6,900468225,2.5F Autobag Nunit,2.5F_Autobag_robottmp 06,ROBOT_PB,R.Arm2,1,줄 자가 배송 됨,
2025-03-20,Wrong,3/8/25 08:34:12,ECH2,10285373430791,뷰티,BB크림/CC크림,48790176,프롬리에 5GF 톤업 선 비비크림 파데프리 모공비비 / 1개 60g 02 보라,N,,,,rw_136_robotagent5,892427937,2.5F Autobag Nunit,2.5F_Autobag_robottmp 05,ROBOT_PB,R.Arm2,1,도착하지않음,
2025-03-20,Wrong,3/15/25 10:05:40,ECH2,10285893009394,문구/사무용품,포장리본/끈,50929391,마 리본끈 선물포장 꽃포장 리본끈 / 2.5cm 15미터,N,,,,rw_136_robotagent2,897929142,2.5F Autobag Nunit,2.5F_Autobag_robottmp 02,ROBOT_PB,R.Arm2,1,집으로 배송이 되지않았습니다.,
2025-03-20,Wrong,3/18/25 08:18:43,ECH2,10286102413263,생활용품,기타가정잡화류,57565750,"NaOBee 남여공용 Free 벌집무늬 아치 깔창 2P(블랙,화이트) / Free(블랙,화이트) 1세트",N,,,,rw_136_robotagent4,900241570,2.5F Autobag Nunit,2.5F_Autobag_robottmp 04,ROBOT_PB,R.Arm2,1,블랙화이트로 주문했는데 블랙두개가 배송됨,
2025-03-20,Wrong,3/18/25 11:16:25,ECH2,10286103287364,생활용품,섬유향수,55304248,에테르나 향기솔솔 페브릭퍼퓸 건조기 양모볼 오일 건조기오일 / 1개 잉글리쉬 페어 앤 프리지아 50ml,N,,,,rw_136_robotagent1,900363216,2.5F Autobag Nunit,2.5F_Autobag_robottmp 01,ROBOT_PB,R.Arm2,1,구두약? 이옴,
2025-03-20,Wrong,3/18/25 13:03:33,ECH2,10286117370314,가전디지털,휴대폰액세서리,36790471,미니덕트 스마트폰 오토클리커 택시 콜잡이 클릭커 매크로 자동터치기 클릭기 배달대행 지지기 블랙 1개,N,,,,rw_136_robotagent2,900405503,2.5F Autobag Nunit,2.5F_Autobag_robottmp 02,ROBOT_PB,R.Arm2,1,판품한것과 같은제품이 배송됨,
2025-03-20,Wrong,3/18/25 20:22:31,ECH2,10286144004371,생활용품,기타가정용품,56024165,"위플랩 미니 백팩 인형 키링 열쇠고리, 블랙 1개",N,,,,rw_136_robotagent7,900655964,2.5F Autobag Nunit,2.5F_Autobag_robottmp 07,ROBOT_PB,R.Arm2,1,가 주문한 상품과 아예 다른 상품이 배송됨,
2025-03-20,Wrong,3/19/25 10:18:39,ECH2,10286187687893,뷰티,쿠션,46326649,루나 블러 커버 쿠션 미니 5g (SPF 40 PA++) 1호 바닐라,N,,,,rw_136_robotagent4,901101317,2.5F Robot arm,136_2M1_AB_RA_OG_04,ROBOT_PB,R.Arm2,1,다른쿠션리필,
2025-03-20,Wrong,3/19/25 12:51:55,ECH2,10286188818776,뷰티,컨실러,18577910,"루나 롱래스팅 팁컨실러 0.7호(아이보리), 1개",N,,,,rw_136_robotagent2,901174765,2.5F Robot arm,136_2M1_AB_RA_OG_02,ROBOT_PB,R.Arm2,1,바닐라1호,
2025-03-20,Wrong,3/19/25 23:31:47,ECH2,10286235113744,뷰티,자외선차단제,46812828,달바 워터풀 톤업 퍼플 선크림 50ml(SPF50+),N,,,,rw_136_robotagent3,901572021,2.5F Robot arm,136_2M1_AB_RA_OG_03,ROBOT_PB,R.Arm2,1,"108동 1003호로 갈 상품이 배송됨.

주문 제품은 오지 않음",
2025-03-21,Wrong,3/12/25 12:51:00,ECH2,10285686827754,뷰티,쿠션,52553182,[본사직영] 이지듀 멜라 비 토닝 기미 앰플 쿠션 / 1개 19호 페어,N,,,,rw_136_robotagent1,895744044,2.5F Autobag Nunit,2.5F_Autobag_robottmp 01,ROBOT_PB,R.Arm2,1,21호가 왔어요,
2025-03-21,Wrong,3/18/25 21:48:47,ECH2,10286152749843,완구/취미,자동차/미니카,50640923,킨스마트 포드 F150 랩터 슈퍼크루 머디 블루 KT5365Y,N,,,,rw_136_robotagent7,900730567,2.5F Autobag Nunit,2.5F_Autobag_robottmp 07,ROBOT_PB,R.Arm2,1,"킨스마트 스바루 임프레자 WRC 2007 자동차 작동완구 KT5328Y
이걸로 배송됨 ㅡㅡ 두번시켜도 두번다 다른상품임",
2025-03-21,Wrong,3/19/25 03:13:24,ECH2,10286157178441,뷰티,바디미스트/샤워코롱,9908562,바디홀릭 민트포션 바디미스트 50ml,N,,,,rw_136_robotagent2,900996941,2.5F Autobag Nunit,2.5F_Autobag_robottmp 02,ROBOT_PB,R.Arm2,1,다른 색상 새 제품이왔어요,
2025-03-21,Wrong,3/19/25 14:03:03,ECH2,10286192171603,가전디지털,기타음향액세서리,56847299,HS&D 레드리본 에어팟 케이스 / 에어팟프로2세대,N,,,,rw_136_robotagent4,901208175,2.5F Robot arm,136_2M1_AB_RA_OG_04,ROBOT_PB,R.Arm2,1,"2세댄데 안맞음
1세대가 온 것 같음",
2025-03-21,Wrong,3/19/25 14:12:46,ECH2,10286187508531,패션잡화,목걸이,46848612,블루씨티 데코 컬러믹스 비즈 목걸이 / 그레이,N,,,,rw_136_robotagent6,901209495,2.5F Robot arm,136_2M1_AB_RA_OG_06,ROBOT_PB,R.Arm2,1,다른 상품으로 배송되었습니다,
2025-03-21,Wrong,3/19/25 14:48:30,ECH2,10286201495640,식품,기타건강식품,26948940,프리미엄 콘드로이친 스트롱 / 1개 60정,N,,,,rw_136_robotagent1,901233938,2.5F Robot arm,136_2M1_AB_RA_OG_01,ROBOT_PB,R.Arm2,1,곡물 발효 효소로 오배송,
2025-03-21,Wrong,3/19/25 19:18:47,ECH2,10286212736225,완구/취미,자동차/미니카,50640923,킨스마트 포드 F150 랩터 슈퍼크루 머디 블루 KT5365Y,N,,,,rw_136_robotagent4,901379559,2.5F Robot arm,136_2M1_AB_RA_OG_04,ROBOT_PB,R.Arm2,1,"킨스마트 스바루 임프레자 WRC 2007 자동차 작동완구 KT5328Y
이걸로 배송됨 ㅡㅡ",
2025-03-21,Wrong,3/19/25 19:22:42,ECH2,10286205121846,뷰티,젤네일/젤폴리쉬,47741459,모스티브 진짜 오버탑 / 1개 12ml,N,,,,rw_136_robotagent6,901379983,2.5F Robot arm,136_2M1_AB_RA_OG_06,ROBOT_PB,R.Arm2,1,스마트워치 풀커버 강화유리 케이스가 배송됨,
2025-03-21,Wrong,3/19/25 19:45:37,ECH2,10286210200733,가전디지털,충전케이블,52106695,[neonp] 1+1 삼성 전용 USB C타입 고속 충전케이블 / 2개 200cm 혼합,N,,,,rw_136_robotagent7,901400609,2.5F Robot arm,136_2M1_AB_RA_OG_07,ROBOT_PB,R.Arm2,1,핸드폰 충전기 선을 구매했는데 뭔지도 모를 물건이 왔습니다,
2025-03-21,Wrong,3/20/25 00:29:53,ECH2,10286237276151,완구/취미,캐치볼,54956517,스내피 스퀴시 스트레스 볼 / 1개 옐로우,N,,,,rw_136_robotagent1,901631224,2.5F Robot arm,136_2M1_AB_RA_OG_01,ROBOT_PB,R.Arm2,1,카렐로와 헷갈림,
2025-03-21,Wrong,3/20/25 02:17:28,ECH2,10286221709514,생활용품,철물용품,56387219,실속간편 일반 나사세트(12/16/22/32mm),N,,,,rw_136_robotagent7,901721000,2.5F Robot arm,136_2M1_AB_RA_OG_07,ROBOT_PB,R.Arm2,1,ㅇ,
2025-03-21,Wrong,3/20/25 09:55:23,ECH2,10286258559323,가전디지털,기타음향액세서리,42359351,HS&D 펭귄 에어팟 케이스 1/2세대 에어팟프로 케이스 / 에어팟1/2세대,N,,,,rw_136_robotagent1,901854413,2.5F Robot arm,136_2M1_AB_RA_OG_01,ROBOT_PB,R.Arm2,1,에어팟2세대 케이스를 주문했는데 에어팟1/2세대 케이스가 옴,
2025-03-22,Wrong,3/19/25 21:43:55,ECH2,10286210237704,가전디지털,마우스,30851083,UB 휴대용 슬림 블루투스 무선 마우스 / 블랙,N,,,,rw_136_robotagent1,901492755,2.5F Robot arm,136_2M1_AB_RA_OG_01,ROBOT_PB,R.Arm2,1,키보드 케이스 다른옵션으로와서 해당건도 반품요청,
2025-03-22,Wrong,3/19/25 21:56:51,ECH2,10286227639461,자동차용품,차량용멀티소켓,46369319,CAR CHARGER / 2구 1개 C + C,N,,,,rw_136_robotagent2,901494121,2.5F Robot arm,136_2M1_AB_RA_OG_02,ROBOT_PB,R.Arm2,1,Usbc 타입이 안오고 cc 타입이옴,
2025-03-22,Wrong,3/20/25 00:48:33,ECH2,10286234069753,문구/사무용품,메모지,50075241,마다꾸미 투명 포스트잇 오답노트 점착식 메모지 07.L사이즈 100장,N,,,,rw_136_robotagent6,901647685,2.5F Robot arm,136_2M1_AB_RA_OG_06,ROBOT_PB,R.Arm2,1,"투명 포스트잇이 아니고
포토카드 슬리브같은것이 왔습니다.",
2025-03-22,Wrong,3/20/25 13:45:06,ECH2,10286269409511,뷰티,향수,15394006,"(5g 쁘리디망 고체 향수) 지속력 좋은 살냄새 명품 고급 수제 니치 바르는 스틱, 7. 샹스 오 땅드르",N,,,,rw_136_robotagent7,901950907,2.5F Robot arm,136_2M1_AB_RA_OG_07,ROBOT_PB,R.Arm2,1,사용했던 제품이랑 다름,
2025-03-22,Wrong,3/20/25 13:57:37,ECH2,10286267009351,문구/사무용품,메모지,50075241,마다꾸미 투명 포스트잇 오답노트 점착식 메모지 07.L사이즈 100장,N,,,,rw_136_robotagent7,901958621,2.5F Robot arm,136_2M1_AB_RA_OG_07,ROBOT_PB,R.Arm2,1,사진과 같은 포스트잇이 와야되는데 투명봉투같은 이상한게 왔어요,
2025-03-22,Wrong,3/21/25 00:46:34,ECH2,10286315065762,가전디지털,휴대폰액세서리,46249982,"구스페리 동물 아크릴 톡 휴대폰 거치대,24수줍은곰돌이",N,,,,rw_136_robotagent6,902400281,2.5F Robot arm,136_2M1_AB_RA_OG_06,ROBOT_PB,R.Arm2,1,저는 스마트폰 그립톡을 주문했는데 신발 장식이 왔네요.,
2025-03-22,Wrong,3/21/25 01:33:13,ECH2,10286310880370,패션잡화,키높이깔창 [미사용],27055631,메이크마인 실리콘 반패드 남성(여성) 키높이 히든 쿠션 신발 깔창 3.5cm 그레이 (여성용),N,,,,rw_136_robotagent1,902452020,2.5F Robot arm,136_2M1_AB_RA_OG_01,ROBOT_PB,R.Arm2,1,다른상품이 왔어요,
2025-03-22,Wrong,3/21/25 14:09:25,ECH2,10286336396151,패션잡화,반지,40676489,STR010 4미리 라운드 반지 / 골드 #11,N,,,,rw_136_robotagent3,902700330,2.5F Robot arm,136_2M1_AB_RA_OG_03,ROBOT_PB,R.Arm2,1,귀걸이,
2025-03-22,Wrong,3/21/25 21:15:55,ECH2,10286361500170,주방용품,양념통,30146052,"바른미각 BPA FREE 사각 양개형 양념통 1개, 500ml",N,,,,rw_136_robotagent6,902971423,2.5F Robot arm,136_2M1_AB_RA_OG_06,ROBOT_PB,R.Arm2,1,프릴 세제,